gsis_id,player,forecast_year,carries_2023,rushing_epa_2023,epa_per_att_2023,ryoe_per_att_2023,has_ngs,epa_per_att_mean,epa_per_att_q25,epa_per_att_q75,mean,median,q05,q25,q75,q95,iqr
00-0031687,Raheem Mostert,2024,209,17.179602537857136,0.082199055205058,0.6140348002523186,1,0.04085675228993561,-0.02359392730387578,0.10471975118541867,8.663881690574962,8.058085816900572,-24.659877348180878,-4.5601913256486775,21.4248300804162,43.63131394941138,25.985021406064877
00-0031687,Raheem Mostert,2025,209,17.179602537857136,0.082199055205058,0.6140348002523186,1,0.04003042921744459,-0.031823661980095855,0.11411664682203165,8.267414380493747,6.480407648626047,-29.692025093687192,-5.8511151297115855,22.006675022845098,51.76836460848717,27.85779015255668
00-0032764,Derrick Henry,2024,280,-2.098503159038166,-0.007494654139422,0.3052072020871186,1,-0.033419964039030685,-0.09361239487537756,0.025717108849192538,-9.44997191928819,-8.355822232232935,-53.00349889505434,-25.47459504927491,6.7488953489413674,31.879268466046383,32.22349039821628
00-0032764,Derrick Henry,2025,280,-2.098503159038166,-0.007494654139422,0.3052072020871186,1,-0.030271761924182208,-0.09208269129378441,0.033976463267247625,-8.30561157022471,-7.41381286456012,-56.5968561365932,-24.41085753553164,8.282585088498102,35.62984738181305,32.69344262402974
00-0033045,Ezekiel Elliott,2024,184,-27.282744640982337,-0.1482757860922953,-0.3877091198563719,1,-0.0848604227501385,-0.14038027816602233,-0.030091969602372315,-15.71846048314638,-14.529395312663627,-44.92956172051069,-25.863459885364506,-5.0780812369110855,9.582359187560026,20.78537864845342
00-0033045,Ezekiel Elliott,2025,184,-27.282744640982337,-0.1482757860922953,-0.3877091198563719,1,-0.08403593305535396,-0.14366716095908375,-0.02524384576738329,-15.538886110733852,-13.555858284541646,-47.700228945280514,-25.8225357179816,-3.609434590376755,10.417547209229634,22.213101127604848
00-0033280,Christian McCaffrey,2024,272,14.388323717255844,0.0528982489604994,1.3232235299779604,1,0.07098099409705423,0.006270107574645212,0.1338973637287941,19.385695287694688,17.85749097885172,-22.266811970523413,1.3867490495942705,36.12656969643102,67.64035042072054,34.73982064683675
00-0033280,Christian McCaffrey,2025,272,14.388323717255844,0.0528982489604994,1.3232235299779604,1,0.07078913029755128,0.0027542705226520866,0.13805746835474603,19.02752888228346,16.808554235569176,-28.38282190120991,0.4112776186386052,36.06644602712134,73.9808498690471,35.65516840848273
00-0033553,James Conner,2024,208,13.943058458103696,0.0670339348947293,1.0193930426618725,1,0.05766984956621901,-0.004532024588982992,0.11976290828184774,12.004391906164942,10.207060049017944,-19.079672041649076,-0.8177415317362726,23.896047477040085,48.311073826424426,24.71378900877636
00-0033553,James Conner,2025,208,13.943058458103696,0.0670339348947293,1.0193930426618725,1,0.05428320260138439,-0.020693891441579466,0.12477656412634774,11.02783330739291,9.076933211972367,-25.589962100199262,-3.10566465568012,24.338496006273218,53.10266997972026,27.444160661953337
00-0033699,Austin Ekeler,2024,179,-41.1234789901547,-0.2297401060902497,-0.2695866735300961,1,-0.06577537355126663,-0.1271174381056345,-0.0035900126753326597,-11.721623815422673,-11.085642194636122,-42.03003976838107,-22.293370882231716,-0.5997171754975428,16.55521496775444,21.693653706734175
00-0033699,Austin Ekeler,2025,179,-41.1234789901547,-0.2297401060902497,-0.2695866735300961,1,-0.06280179818485385,-0.1308611645200528,0.009054076172510719,-11.414888491524549,-9.644943676600844,-48.05447591716258,-23.263083503941765,1.383025997155052,19.821849263971217,24.646109501096817
00-0033897,Joe Mixon,2024,257,-18.04731191544719,-0.0702230035620513,0.0230376261510443,1,-0.08328978180009472,-0.14479373477331986,-0.020854142436043888,-21.08624109176989,-20.060316632005335,-66.05348378145412,-35.965960507159714,-4.744540524207777,18.066499629662967,31.221419982951936
00-0033897,Joe Mixon,2025,257,-18.04731191544719,-0.0702230035620513,0.0230376261510443,1,-0.0876523621887468,-0.1580887261480197,-0.01619503211690534,-22.401079336439636,-18.685952629716645,-76.97121178667926,-39.60772110042763,-2.8961799648567226,20.646250787057216,36.71154113557091
00-0033906,Alvin Kamara,2024,180,-3.1450200827093795,-0.0174723337928298,-0.5646350217817696,1,-0.05837977681748162,-0.12221856478473524,0.0033570914340369067,-10.672145507262593,-9.634660546053304,-41.63418909596239,-21.60005842448158,0.5751304850202767,18.226549470312,22.17518890950186
00-0033906,Alvin Kamara,2025,180,-3.1450200827093795,-0.0174723337928298,-0.5646350217817696,1,-0.05994296788208395,-0.12955890292900007,0.010612167653285352,-10.837196592140753,-9.512794351454605,-47.078179634742476,-22.642037487944897,1.5340034117494614,20.590302079427143,24.176040899694357
00-0034184,Gus Edwards,2024,198,-12.828958436328318,-0.0647927193753955,0.2636956236124147,1,0.01904727924110064,-0.03807584727391167,0.07991613373498517,3.6630856822772566,3.0537925073686614,-27.236947438852535,-6.712175092054049,14.757007767046494,35.35056021624213,21.469182859100542
00-0034184,Gus Edwards,2025,198,-12.828958436328318,-0.0647927193753955,0.2636956236124147,1,0.020644723908817244,-0.043497579427092745,0.08398548714838139,3.855158569271732,2.5153291139509184,-29.679476846671253,-6.536257270428367,14.080299711032364,39.24987812350485,20.616556981460732
00-0034844,Saquon Barkley,2024,247,-50.37396212196922,-0.2039431664857053,0.3893385699122722,1,-0.09051208469562769,-0.15457327042003507,-0.026018636459569585,-22.558600977791613,-20.83489184757761,-66.79965482957867,-37.99203727837598,-5.769797152594114,16.106957999875643,32.222240125781866
00-0034844,Saquon Barkley,2025,247,-50.37396212196922,-0.2039431664857053,0.3893385699122722,1,-0.08700284371837702,-0.16152526488671753,-0.014694704323491726,-21.624046957031513,-18.241446676864236,-77.09738959910848,-38.6572239524645,-2.268063116629317,23.37480745741254,36.389160835835185
00-0034972,Alexander Mattison,2024,180,-31.740954303268495,-0.1763386350181583,-0.2541227712899943,1,-0.14427619478939346,-0.21035088088307627,-0.07780970409006756,-26.034773400942306,-25.572631195715434,-57.553318283835814,-37.70799610455076,-13.514422650214653,3.146283125219472,24.193573454336104
00-0034972,Alexander Mattison,2025,180,-31.740954303268495,-0.1763386350181583,-0.2541227712899943,1,-0.14642932107425252,-0.22063679664976432,-0.07450391532614697,-26.51485266376228,-25.779425163446746,-61.76560296607814,-39.564477234654035,-12.697697073548147,6.013919071581385,26.866780161105886
00-0035250,Devin Singletary,2024,216,-16.57968231601304,-0.0767577885000603,0.1545180905058975,1,-0.05030331440041162,-0.10392818847375385,0.0034222551807085947,-10.893078513086198,-10.973863506145022,-40.42928247563979,-22.412089992231174,0.7444348603258747,19.045680495930092,23.156524852557048
00-0035250,Devin Singletary,2025,216,-16.57968231601304,-0.0767577885000603,0.1545180905058975,1,-0.047410112191542994,-0.10460709102045745,0.008338564942538736,-10.126756757326758,-9.989250423998872,-42.42696590265161,-22.16701512239574,1.7082847826541032,20.428504107737634,23.875299905049843
00-0035261,Tony Pollard,2024,252,-17.861171165082347,-0.0708776633535013,-0.1613946868007649,1,-0.05857249177393833,-0.12102858637006988,0.003936093679725442,-14.782087458112715,-14.692807946376291,-53.75871334164673,-30.45945412820575,1.0225478575599705,24.862772995119688,31.48200198576572
00-0035261,Tony Pollard,2025,252,-17.861171165082347,-0.0708776633535013,-0.1613946868007649,1,-0.0615223186796707,-0.13361040787326767,0.012015730792167131,-15.610052400422989,-15.279796013072115,-62.06455600551426,-33.09509004843421,3.070495146543007,29.627717819817217,36.16558519497722
00-0035685,David Montgomery,2024,219,10.28340074429789,0.0469561677821821,0.2879986455639524,1,-0.026345067168640136,-0.08920942703512473,0.03536318359094494,-5.797226366530773,-5.655672345406974,-40.290675412918816,-19.431470083194007,7.738416263288663,28.158947155945526,27.16988634648267
00-0035685,David Montgomery,2025,219,10.28340074429789,0.0469561677821821,0.2879986455639524,1,-0.02612366049661798,-0.09852021737041602,0.04752618272664766,-5.75659722125303,-6.561421432985987,-44.54881566485878,-21.235623156311448,10.230384056111308,34.15367541582745,31.466007212422756
00-0035700,Josh Jacobs,2024,233,-44.319291594730835,-0.190211551908716,-0.3739304610770163,1,-0.13398061304314332,-0.19817064729851985,-0.06853724971719133,-31.214666955942846,-28.20278207402413,-78.97876135495343,-45.77897650348799,-13.825854073617922,5.55712816686934,31.953122429870067
00-0035700,Josh Jacobs,2025,233,-44.319291594730835,-0.190211551908716,-0.3739304610770163,1,-0.12993427893705647,-0.20029242288957552,-0.06013298211023373,-30.269358785881206,-26.287410239419707,-84.9253982258958,-46.27773111244032,-10.17025960596341,8.799721210256074,36.10747150647691
00-0036223,Jonathan Taylor,2024,169,-10.159002013304985,-0.0601124379485501,0.3242128662315727,1,-0.030101559090830416,-0.09320535777678698,0.033719537035283145,-5.2475088920515995,-3.8823098973458317,-35.533575969719564,-15.127130661118764,4.847577868107514,22.348143034926593,19.974708529226277
00-0036223,Jonathan Taylor,2025,169,-10.159002013304985,-0.0601124379485501,0.3242128662315727,1,-0.030174730094672413,-0.10268796388301935,0.041058188439861004,-5.206367725392098,-2.6518509727581376,-43.568826401089595,-15.191811868317812,5.273655922501004,25.878028187616927,20.465467790818817
00-0036251,Zack Moss,2024,183,-14.03089295560622,-0.0766715462054984,0.711456028129064,1,-0.012753810035993048,-0.07825260652717866,0.052839865533131636,-2.262131804058193,-1.8157890415268811,-33.29674927210682,-13.557642178547297,8.936639793769134,27.463692722291682,22.49428197231643
00-0036251,Zack Moss,2025,183,-14.03089295560622,-0.0766715462054984,0.711456028129064,1,-0.015031424723013952,-0.08604838555380145,0.05424029348381894,-2.8129241197273207,-2.0106544004423474,-40.08663149382994,-14.21341788555406,8.162343575625226,34.03871234565332,22.375761461179287
00-0036265,AJ Dillon,2024,178,-23.49627604587461,-0.1320015508195202,-0.3620871918608508,1,-0.04855188059708517,-0.10707749774761006,0.00857892575661615,-8.642512683852937,-8.22587597114563,-34.44784844137364,-18.989244392279677,1.5418967869096754,16.37530656118316,20.53114117918935
00-0036265,AJ Dillon,2025,178,-23.49627604587461,-0.1320015508195202,-0.3620871918608508,1,-0.049604615826762684,-0.10936612287924197,0.011249617195472482,-8.827893175197092,-8.607619410002382,-35.2260987416123,-19.58925458390211,2.025399484950233,17.19305761868674,21.614654068852346
00-0036275,D'Andre Swift,2024,229,1.9140144739499827,0.0083581418076418,-0.2872989893384116,1,-0.05313498116386557,-0.11962520635204896,0.01341722612627017,-12.086588104878807,-10.845852731582154,-53.42144733627207,-25.880116155532015,2.787963336726409,24.65825273729493,28.668079492258425
00-0036275,D'Andre Swift,2025,229,1.9140144739499827,0.0083581418076418,-0.2872989893384116,1,-0.05596961272884196,-0.12907082842568662,0.017022686581721853,-13.02400281305927,-10.201267296734079,-62.66433426736842,-27.036736824414575,2.819093584554432,27.467824362514225,29.855830408969005
00-0036555,Chuba Hubbard,2024,238,-21.51596444684838,-0.0904032119615478,0.1933784009930784,1,-0.036075117342189614,-0.10059305614709774,0.02667440755189055,-8.5718749609581,-7.634465995176701,-49.42437399922285,-22.94004416872795,5.768879313430222,30.519166612666115,28.708923482158173
00-0036555,Chuba Hubbard,2025,238,-21.51596444684838,-0.0904032119615478,0.1933784009930784,1,-0.03926871514814772,-0.11381722105760703,0.03306843554703623,-9.523594878441163,-7.1257739502015,-59.274183061820665,-24.841702506475123,6.2516124197829015,35.381789830803164,31.093314926258024
00-0036875,Rhamondre Stevenson,2024,156,-12.854978864108364,-0.0824037106673613,-0.1198602719791593,1,-0.060976520168725984,-0.12844135250912392,0.004029005887645371,-9.387006878541513,-7.5391574013516145,-40.16162031652475,-18.591897944213457,0.3313027092394953,16.210658014743228,18.92320065345295
00-0036875,Rhamondre Stevenson,2025,156,-12.854978864108364,-0.0824037106673613,-0.1198602719791593,1,-0.06677824261019111,-0.13835180189992033,0.005961669024609415,-10.932012936376877,-7.410857334978198,-50.48122439211902,-21.09347025235831,0.11178047229392728,18.579160282157172,21.205250724652235
00-0036893,Najee Harris,2024,255,-24.945111917782064,-0.0978239683050277,0.3133120961712421,1,-0.03200501495294836,-0.09624472572328661,0.03310055491186516,-8.163999492648632,-8.178199170525057,-49.821274084737524,-24.553602315847737,8.507189885251176,33.31660281406206,33.06079220109891
00-0036893,Najee Harris,2025,255,-24.945111917782064,-0.0978239683050277,0.3133120961712421,1,-0.034882437341133485,-0.10623922128065091,0.03415025834939278,-8.882006583205072,-9.10422176586924,-54.59661407081197,-26.925727851511255,8.82580177643498,36.379344759969584,35.75152962794623
00-0036973,Travis Etienne,2024,267,-34.79458885267169,-0.1303168121822909,-0.2905687251472002,1,-0.11517604106127424,-0.18577775742394234,-0.04785539542847648,-30.745838056339508,-28.465306067774346,-82.71377148039397,-48.55141968506636,-11.311880050612944,14.801787925804177,37.239539634453415
00-0036973,Travis Etienne,2025,267,-34.79458885267169,-0.1303168121822909,-0.2905687251472002,1,-0.11555170562623829,-0.19159759247638836,-0.03903023238157814,-30.815826391231653,-27.097757322834404,-92.9552117894733,-50.18773932511957,-7.904583660337424,17.327445562308586,42.28315566478215
00-0036997,Javonte Williams,2024,217,-37.90410386897829,-0.1746732897187939,-0.3839068104232842,1,-0.11529941979435969,-0.18534407191976082,-0.045190564822979604,-24.99136868201178,-22.878639557689993,-69.94468163141909,-39.21764827907097,-8.259852252170214,12.112136375068554,30.95779602690076
00-0036997,Javonte Williams,2025,217,-37.90410386897829,-0.1746732897187939,-0.3839068104232842,1,-0.11997413730972803,-0.19491155734445245,-0.044356939885279806,-25.68240074473009,-21.381588043754746,-78.68113777385462,-41.92395472595161,-5.758253273948737,14.199971261072603,36.16570145200287
00-0037197,Isiah Pacheco,2024,205,-3.767482465831563,-0.0183779632479588,0.4525696224958682,1,-0.0040418036690979525,-0.06951988766558104,0.062335431089689725,-0.9290555773818074,-0.7096686886589629,-37.36895179493292,-13.072683050221041,11.665871015379533,34.9289560906275,24.738554065600574
00-0037197,Isiah Pacheco,2025,205,-3.767482465831563,-0.0183779632479588,0.4525696224958682,1,-0.002336143207329105,-0.07879215925936926,0.07303085928703226,-0.4454039208940786,-0.3452269023913008,-41.84592452110982,-14.145934783009636,13.383858639580376,41.007759795434396,27.52979342259001
00-0037248,James Cook,2024,237,-7.3022381060924015,-0.030811131249335,0.4491424129986836,1,0.027788410690431767,-0.03998177871058029,0.09547998506765883,6.429352018912801,6.1257156492943565,-34.238355234130886,-8.919330717872121,22.365207223580953,48.16633296847551,31.284537941453074
00-0037248,James Cook,2025,237,-7.3022381060924015,-0.030811131249335,0.4491424129986836,1,0.026769916068828118,-0.048487679897722506,0.09873268929448867,6.178617985584981,4.810718815091539,-40.00713833900547,-10.075598581788997,22.091667826223883,55.06555337257377,32.16726640801288
00-0037256,Rachaad White,2024,272,-44.98654554305422,-0.1653917115553464,-0.4129066085841839,1,-0.12759597379124357,-0.19474769718682158,-0.06035268258416588,-34.67325573800606,-32.12401778712385,-87.53510396370444,-52.537721960913856,-14.931526142148998,10.846928980479893,37.60619581876486
00-0037256,Rachaad White,2025,272,-44.98654554305422,-0.1653917115553464,-0.4129066085841839,1,-0.12644657185022037,-0.2024834934189784,-0.04990224306162813,-33.99015024802489,-30.405455150118613,-96.68615713588935,-53.5404595700888,-10.424040093450124,15.368217089077225,43.116419476638676
00-0037263,Tyler Allgeier,2024,186,-21.90430986501589,-0.1177651068011607,-0.3306910293206128,1,-0.06644234373539844,-0.13683076018782175,0.004048482588286732,-12.479363045625737,-10.268795735505336,-49.92826422413025,-24.651033682240882,0.5016401743466474,19.521868220709827,25.15267385658753
00-0037263,Tyler Allgeier,2025,186,-21.90430986501589,-0.1177651068011607,-0.3306910293206128,1,-0.06329039959207992,-0.13915094791578078,0.010153661061966412,-11.681279131565352,-7.983207296661881,-56.764931667121594,-23.26415390085278,0.8532962807125253,24.15576108535984,24.117450181565303
00-0037267,Jerome Ford,2024,204,-36.39553655072814,-0.1784094928957261,-0.0209020462636891,1,-0.10186120649998512,-0.17324968849954014,-0.03025635622575964,-20.77659246570524,-18.626580933415255,-64.9272309949913,-34.87397795319086,-4.860388459202998,15.928963771204858,30.013589493987862
00-0037267,Jerome Ford,2025,204,-36.39553655072814,-0.1784094928957261,-0.0209020462636891,1,-0.10051957243146674,-0.18161296046607706,-0.021287319499319154,-20.557670221176647,-16.221089422790286,-73.2842633431413,-36.31272624371448,-1.8127974818553976,19.483826352796743,34.49992876185908
00-0037746,Brian Robinson,2024,178,-22.189546599983625,-0.1246603741572113,0.2160194209271247,1,-0.04343642443509498,-0.1107355447275884,0.025503564316302428,-7.67167174469291,-6.248436088617478,-41.38378297175621,-18.391238699279857,3.533413877136078,22.376563736197678,21.924652576415934
00-0037746,Brian Robinson,2025,178,-22.189546599983625,-0.1246603741572113,0.2160194209271247,1,-0.043116095913761775,-0.11875035060592531,0.032561682624674675,-7.810187733707717,-5.1832706281167615,-48.700651885132444,-19.244146639328143,3.6385514604887654,27.99009273225065,22.88269809981691
00-0037840,Kyren Williams,2024,228,22.43659965706825,0.0984061388467905,0.6502996098307398,1,0.081903130188306,0.010732741248523893,0.15246389086702924,18.80486875411262,16.72417457084262,-20.047391004623044,2.1805959744812053,33.82275438503114,64.65780340517529,31.642158410549932
00-0037840,Kyren Williams,2025,228,22.43659965706825,0.0984061388467905,0.6502996098307398,1,0.08323013317165467,0.002937688288186427,0.1617914491966116,19.069975000200042,15.083601270748638,-25.648109275761122,0.16433680172724308,36.49957643988958,72.88958894226467,36.335239638162335
00-0038120,Breece Hall,2024,223,-21.759780243049267,-0.0975774898791446,0.6719800630039181,1,0.04808390042596218,-0.02325449104583898,0.11630314110109931,10.517148241972079,9.440704158365026,-27.12947648557855,-4.5785521803045475,24.63486344771738,51.78758289309684,29.213415628021927
00-0038120,Breece Hall,2025,223,-21.759780243049267,-0.0975774898791446,0.6719800630039181,1,0.048455851489015364,-0.030113724376442736,0.12779556975224793,10.97608864131073,8.154136863060405,-32.37470053780442,-5.016236121276888,26.908512480753757,60.78223867661607,31.924748602030647
00-0038134,Kenneth Walker III,2024,219,-9.327501742838647,-0.0425913321590805,-0.1291039688620089,1,-0.06195583124934623,-0.12730258901428387,0.005486740109080863,-13.505851532920671,-12.088569934452916,-55.015383339254086,-27.058926942231338,0.9277755702466726,22.669324141307495,27.98670251247801
00-0038134,Kenneth Walker III,2025,219,-9.327501742838647,-0.0425913321590805,-0.1291039688620089,1,-0.06125942521120105,-0.1333318889505897,0.012917416614415166,-13.251782914009302,-10.02884205333929,-60.57057101331142,-28.363671458863173,1.8335140286046512,27.84597736750778,30.197185487467824
00-0038542,Bijan Robinson,2024,214,-26.706271382120423,-0.1247956606641141,0.3916246633040379,1,-0.05435736094686551,-0.12795611421576442,0.01917972149992477,-11.723159719929743,-10.16315570376995,-56.01185526877614,-26.06100031120083,3.6022440849592954,26.06330544469974,29.663244396160124
00-0038542,Bijan Robinson,2025,214,-26.706271382120423,-0.1247956606641141,0.3916246633040379,1,-0.05452197452923268,-0.13475290892547306,0.023997456372578618,-11.927601340172076,-8.747390813582168,-62.11196638233236,-26.263325374040082,3.5597771188542793,30.393211388937104,29.82310249289436
00-0039139,Jahmyr Gibbs,2024,182,-5.18102973025623,-0.0284671963200891,0.3974964610155695,1,8.892226341660453e-05,-0.0740142883962637,0.07357220018399904,-0.03374303278241318,0.06025858079976723,-34.02474899278459,-11.835498729180198,12.00987784170585,33.36831218787298,23.845376570886046
00-0039139,Jahmyr Gibbs,2025,182,-5.18102973025623,-0.0284671963200891,0.3974964610155695,1,-0.0018963180652998392,-0.07910727419557413,0.07569856723450705,-0.40886423130118926,-0.03765650073126005,-40.43616286524618,-12.70366905048976,11.23585440173139,38.96214600442349,23.93952345222115
