gsis_id,display_name,season,att,epa,epa_next,xgb_pred,xgb_resid
00-0000722,Tony Banks,2000,272,-16.324340479082657,-38.900601849324715,-26.12805,-12.772551998860848
00-0000722,Tony Banks,2001,370,-38.900601849324715,3.534907384964481,9.458594,-5.923686937240109
00-0000865,Charlie Batch,2000,407,-68.76724729121423,-16.08404992513503,-16.208906,0.12485624857102451
00-0001218,Steve Beuerlein,2000,524,5.2395491191044465,4.459464418372546,-2.1154456,6.57491003223363
00-0001335,Jeff Blake,2000,296,13.06733767429901,-9.411252864290573,-5.044048,-4.367205031801559
00-0001335,Jeff Blake,2002,295,-9.411252864290573,-74.02492890316967,-55.61403,-18.410899972505604
00-0001361,Drew Bledsoe,2000,527,-10.457809913043382,58.708365346245095,52.75675,5.951617146782205
00-0001361,Drew Bledsoe,2002,610,58.708365346245095,-64.0501087589494,-50.986927,-13.063181726478703
00-0001361,Drew Bledsoe,2003,471,-64.0501087589494,-16.288707602647168,-21.752611,5.463903557631152
00-0001361,Drew Bledsoe,2004,449,-16.288707602647168,49.63625503462231,15.362997,34.2732579795686
00-0001361,Drew Bledsoe,2005,499,49.63625503462231,-9.1035155299807,-4.8712564,-4.232259178509752
00-0001823,Aaron Brooks,2001,558,10.579958752206243,9.161768723900014,14.342329,-5.180560301368541
00-0001823,Aaron Brooks,2002,528,9.161768723900014,18.98992791756732,20.834705,-1.8447774352158817
00-0001823,Aaron Brooks,2003,518,18.98992791756732,19.85282508408226,34.288933,-14.43610771621071
00-0001823,Aaron Brooks,2004,542,19.85282508408226,-0.0053328950356412,25.632717,-25.638050027604
00-0001823,Aaron Brooks,2005,431,-0.0053328950356412,-39.76404230168819,-4.1043286,-35.659713669333456
00-0002110,Mark Brunell,2000,512,36.60069922226407,-126.47616756134153,-60.004036,-66.4721316116345
00-0002110,Mark Brunell,2001,473,-126.47616756134153,-87.1821295789815,-57.40558,-29.776550965700253
00-0002110,Mark Brunell,2002,415,-87.1821295789815,-59.63759161295782,-39.8997,-19.737891448162898
00-0002110,Mark Brunell,2004,237,-59.63759161295782,32.77126450428943,-5.733949,38.50521368870715
00-0002110,Mark Brunell,2005,454,32.77126450428943,6.317302468218514,11.735627,-5.418324706158927
00-0002876,Chris Chandler,2000,328,-59.86225368998593,18.651156377329993,0.14285624,18.50830013705747
00-0002876,Chris Chandler,2001,365,18.651156377329993,-34.04113795732351,-26.837626,-7.203512453783468
00-0002876,Chris Chandler,2002,161,-34.04113795732351,-23.80239464869596,-16.302725,-7.499669810439123
00-0003292,Kerry Collins,2000,523,84.73859844752978,-3.16951095539202,9.998976,-13.1684867091762
00-0003292,Kerry Collins,2001,568,-3.16951095539202,112.32750664935558,89.71863,22.608878719668084
00-0003292,Kerry Collins,2002,545,112.32750664935558,-21.54280473108366,-0.46811834,-21.074686391306667
00-0003292,Kerry Collins,2003,500,-21.54280473108366,-1.1211977387576797,11.5170555,-12.638253250232289
00-0003292,Kerry Collins,2004,513,-1.1211977387576797,12.648668446997174,16.651056,-4.002387842675677
00-0003292,Kerry Collins,2005,566,12.648668446997174,28.33067987014701,36.07642,-7.745739960175257
00-0003292,Kerry Collins,2008,416,28.33067987014701,-16.91555985878179,-6.3282013,-10.587358564836478
00-0003292,Kerry Collins,2009,216,-16.91555985878179,24.520172703393342,12.712953,11.807220089562776
00-0003535,Tim Couch,2000,211,0.1681854234975954,-59.11234951206695,-46.351185,-12.761164667096246
00-0003535,Tim Couch,2001,454,-59.11234951206695,1.4807534012973615,17.198946,-15.718192597848146
00-0003535,Tim Couch,2002,443,1.4807534012973615,-40.88847560481698,-31.471088,-9.417387195393154
00-0003739,Daunte Culpepper,2001,366,3.629097205017389,28.618895929240693,20.549414,8.06948224821042
00-0003739,Daunte Culpepper,2002,549,28.618895929240693,60.68389252767393,36.66847,24.015424052332136
00-0003739,Daunte Culpepper,2003,454,60.68389252767393,179.7320811824115,133.3182,46.413874395302116
00-0003739,Daunte Culpepper,2004,548,179.7320811824115,-30.60528876335976,-2.9836953,-27.621593494728778
00-0003739,Daunte Culpepper,2005,216,-30.60528876335976,-18.343376074366393,-13.065514,-5.277862463526549
00-0003739,Daunte Culpepper,2006,134,-18.343376074366393,0.4397771782506083,-16.200737,16.640514177762327
00-0003739,Daunte Culpepper,2007,185,0.4397771782506083,-42.698008888200505,-38.986988,-3.7110208205735518
00-0003739,Daunte Culpepper,2008,115,-42.698008888200505,-23.37284376827793,-16.773619,-6.599225070157814
00-0004161,Jake Delhomme,2003,449,18.0451304038847,68.019832498798,39.84068,28.179153330096824
00-0004161,Jake Delhomme,2004,533,68.019832498798,50.583096331486765,43.630898,6.952198809514108
00-0004161,Jake Delhomme,2005,435,50.583096331486765,-1.8600203916434064,9.896001,-11.756021253764988
00-0004161,Jake Delhomme,2006,431,-1.8600203916434064,38.618375542179734,9.899317,28.719058754460008
00-0004161,Jake Delhomme,2008,414,38.618375542179734,-58.24870598203963,-35.519432,-22.729273914168537
00-0004161,Jake Delhomme,2009,321,-58.24870598203963,-42.77351373952007,-26.653784,-16.119729941302296
00-0004293,Trent Dilfer,2000,225,-16.272868017474504,21.75020958655503,32.493057,-10.742847664421532
00-0004293,Trent Dilfer,2001,122,21.75020958655503,-2.899445156003371,-1.8235277,-1.075917462254897
00-0004293,Trent Dilfer,2002,168,-2.899445156003371,-24.530959724339144,-22.467731,-2.0632282485090663
00-0004293,Trent Dilfer,2005,333,-24.530959724339144,-88.67349076294076,-56.14764,-32.525850534669274
00-0005106,Brett Favre,2000,575,22.89298184941246,85.92782157879421,60.909187,25.018634261899678
00-0005106,Brett Favre,2001,510,85.92782157879421,42.18749067180978,50.612747,-8.42525652057303
00-0005106,Brett Favre,2002,551,42.18749067180978,56.61266336848663,65.337555,-8.724891563153996
00-0005106,Brett Favre,2003,472,56.61266336848663,138.21238033040464,124.78735,13.425026814779642
00-0005106,Brett Favre,2004,541,138.21238033040464,-0.5839660332726417,11.518389,-12.102354781441587
00-0005106,Brett Favre,2005,607,-0.5839660332726417,-2.58334310667742,10.824978,-13.40832098143328
00-0005106,Brett Favre,2006,613,-2.58334310667742,115.0859453738512,77.4706,37.61534906037464
00-0005106,Brett Favre,2007,535,115.0859453738512,20.542461575754345,30.725998,-10.183536349050343
00-0005106,Brett Favre,2008,522,20.542461575754345,134.62405105501702,133.33543,1.2886170950560825
00-0005106,Brett Favre,2009,532,134.62405105501702,-44.36368367828169,-12.627352,-31.73633191741743
00-0005180,Jay Fiedler,2000,330,38.41633823961627,36.29166401120965,34.456234,1.835430032938163
00-0005180,Jay Fiedler,2001,449,36.29166401120965,38.40952715265138,51.463573,-13.054046303159168
00-0005180,Jay Fiedler,2002,292,38.40952715265138,-10.791204945397928,11.119018,-21.910222546411113
00-0005180,Jay Fiedler,2003,314,-10.791204945397928,-42.5103603064419,-7.668892,-34.84146839970362
00-0005363,Doug Flutie,2000,225,28.350644682521796,35.71418589756642,34.382206,1.3319799344316579
00-0005363,Doug Flutie,2001,521,35.71418589756642,8.518420974239806,12.910057,-4.391636093631288
00-0005589,Gus Frerotte,2000,230,6.522225955207457,-8.07905153960592,-5.694516,-2.38453535766012
00-0005589,Gus Frerotte,2005,494,-8.07905153960592,-48.83969681146701,-39.23803,-9.601667331486539
00-0005589,Gus Frerotte,2007,167,-48.83969681146701,-31.73797024176325,-30.355679,-1.3822916834136407
00-0005741,Rich Gannon,2000,465,96.72317132629124,98.24862079145517,74.3366,23.91201953413095
00-0005741,Rich Gannon,2001,549,98.24862079145517,131.59151773973937,107.73284,23.858676248040155
00-0005741,Rich Gannon,2002,618,131.59151773973937,-25.61729229741468,8.84569,-34.46298207097425
00-0005755,Jeff Garcia,2000,550,134.47117808848,88.00339949688268,73.31588,14.687519675105335
00-0005755,Jeff Garcia,2001,504,88.00339949688268,79.53785981271228,92.23555,-12.697690114045528
00-0005755,Jeff Garcia,2002,528,79.53785981271228,20.453884149777803,35.68583,-15.231945012819853
00-0005755,Jeff Garcia,2003,392,20.453884149777803,-26.08541870958272,3.7155569,-29.80097556955281
00-0005755,Jeff Garcia,2004,252,-26.08541870958272,-19.235567736679226,-8.920155,-10.315413165146023
00-0005755,Jeff Garcia,2005,173,-19.235567736679226,15.657653423836756,-0.25680745,15.914460870316553
00-0005755,Jeff Garcia,2006,188,15.657653423836756,49.41911268455459,27.747656,21.671456816024318
00-0005755,Jeff Garcia,2007,327,49.41911268455459,41.30447470264246,38.32636,2.978115907476443
00-0006300,Elvis Grbac,2000,509,56.60272229024737,-36.516165005120115,-3.3046973,-33.21146772995837
00-0006355,Trent Green,2001,523,-7.79657193524726,92.66052321899733,58.825317,33.83520583618483
00-0006355,Trent Green,2002,470,92.66052321899733,99.95693825775682,63.222057,36.73488091522752
00-0006355,Trent Green,2003,523,99.95693825775682,149.84341570446128,116.627045,33.216371026726904
00-0006355,Trent Green,2004,556,149.84341570446128,76.87233051224709,69.49152,7.380806769571308
00-0006355,Trent Green,2005,507,76.87233051224709,-7.431508433151999,5.477239,-12.908747565079489
00-0006355,Trent Green,2006,198,-7.431508433151999,-2.9148037714302735,0.5648371,-3.4796408695519165
00-0006423,Brian Griese,2000,330,83.17200812147622,-18.20327517137901,-3.486186,-14.717089143852153
00-0006423,Brian Griese,2001,451,-18.20327517137901,34.78316395047424,44.316666,-9.533501698939823
00-0006423,Brian Griese,2002,436,34.78316395047424,-41.82441770622223,-18.153875,-23.67054235527008
00-0006423,Brian Griese,2003,130,-41.82441770622223,57.68905681627179,48.474285,9.214771690539365
00-0006423,Brian Griese,2004,336,57.68905681627179,-8.606807005805628,0.44201303,-9.048820031089441
00-0006423,Brian Griese,2005,174,-8.606807005805628,0.2968209928833563,-18.567379,18.86419999068609
00-0006423,Brian Griese,2007,262,0.2968209928833563,-23.08588721498619,-9.134355,-13.951532623616561
00-0007091,Matt Hasselbeck,2001,321,-22.693224573314833,59.857382871135094,15.448871,44.40851221226058
00-0007091,Matt Hasselbeck,2002,419,59.857382871135094,76.87820228175144,33.96486,42.91334327296238
00-0007091,Matt Hasselbeck,2003,513,76.87820228175144,60.633057532812295,49.56911,11.063946662450967
00-0007091,Matt Hasselbeck,2004,474,60.633057532812295,99.50947426170504,78.29408,21.215391620103475
00-0007091,Matt Hasselbeck,2005,450,99.50947426170504,-9.687878082558017,26.70052,-36.38839764432559
00-0007091,Matt Hasselbeck,2006,371,-9.687878082558017,65.83427600115671,46.777878,19.056398193539522
00-0007091,Matt Hasselbeck,2007,562,65.83427600115671,-35.89208779528974,-5.5086546,-30.383433200868353
00-0007091,Matt Hasselbeck,2008,209,-35.89208779528974,-54.19883075127592,-34.2208,-19.97803225884428
00-0007091,Matt Hasselbeck,2009,488,-54.19883075127592,-18.810071508288836,-16.472355,-2.33771661937282
00-0007091,Matt Hasselbeck,2010,444,-18.810071508288836,7.898979828312612,-8.254009,16.152989075138784
00-0007091,Matt Hasselbeck,2011,518,7.898979828312612,-14.856309872997752,1.6117986,-16.46810851706361
00-0007091,Matt Hasselbeck,2012,221,-14.856309872997752,-0.1130612501194723,3.0293007,-3.142361939816738
00-0007576,Kelly Holcomb,2002,106,12.64588220119876,-21.05098249535324,-17.294436,-3.756546994254606
00-0007576,Kelly Holcomb,2003,302,-21.05098249535324,5.625024798787983,-6.6651897,12.290214541829975
00-0007835,Damon Huard,2006,244,32.47853236305193,-26.30675728873787,-17.057213,-9.249544459148026
00-0008442,Brad Johnson,2000,359,9.48168340036444,9.697828748975317,-7.857888,17.55571697071604
00-0008442,Brad Johnson,2001,559,9.697828748975317,50.88786840785427,25.990091,24.89777708400173
00-0008442,Brad Johnson,2002,451,50.88786840785427,42.29702712993842,54.892464,-12.59543655414361
00-0008442,Brad Johnson,2003,570,42.29702712993842,-13.289532437448443,1.2898271,-14.579359545831622
00-0008442,Brad Johnson,2004,103,-13.289532437448443,1.9777318080844497,-1.6442661,3.6219979366244885
00-0008442,Brad Johnson,2005,293,1.9777318080844497,-72.73818843222023,-48.23534,-24.502848313812024
00-0008612,Rob Johnson,2000,274,-21.579064875420695,-36.72422707285692,-25.905539,-10.818688513896959
00-0009007,Danny Kanell,2000,114,-32.859389605992256,-31.84195125467674,-22.460121,-9.381830099891584
00-0009311,Jon Kitna,2000,412,5.334726248816276,-35.7605821497298,-3.5847955,-32.175786674723696
00-0009311,Jon Kitna,2001,581,-35.7605821497298,-16.65554820102614,-6.1557574,-10.499790773810563
00-0009311,Jon Kitna,2002,473,-16.65554820102614,48.47296262706061,26.339258,22.133704433090884
00-0009311,Jon Kitna,2003,521,48.47296262706061,4.173406766912115,1.4094847,2.7639220228401546
00-0009311,Jon Kitna,2004,104,4.173406766912115,-33.99151609285423,-21.458485,-12.53303144319603
00-0009311,Jon Kitna,2006,596,-33.99151609285423,-22.755922423423097,-32.36441,9.608487976967528
00-0009311,Jon Kitna,2007,563,-22.755922423423097,-42.933106934691445,-17.663935,-25.269172227049843
00-0009311,Jon Kitna,2008,120,-42.933106934691445,24.067200474526892,10.645355,13.421845249917517
00-0010261,Tommy Maddox,2002,377,26.10349880012123,-24.37920469822277,-7.7271943,-16.652010388988153
00-0010346,Peyton Manning,2000,564,140.9278687242325,23.481885153541764,66.38567,-42.90378836940745
00-0010346,Peyton Manning,2001,547,23.481885153541764,71.86421172390203,56.073547,15.79066436062078
00-0010346,Peyton Manning,2002,591,71.86421172390203,136.2662435631979,115.903915,20.362328157924452
00-0010346,Peyton Manning,2003,566,136.2662435631979,221.4964524093534,171.75545,49.74100502165808
00-0010346,Peyton Manning,2004,497,221.4964524093534,180.43690499082808,177.04477,3.392135703718708
00-0010346,Peyton Manning,2005,453,180.43690499082808,182.55263240458655,175.09929,7.453343464156859
00-0010346,Peyton Manning,2006,557,182.55263240458655,154.48747470370654,151.85388,2.633592867769039
00-0010346,Peyton Manning,2007,515,154.48747470370654,144.53437126231856,142.35382,2.180550461537308
00-0010346,Peyton Manning,2008,555,144.53437126231856,174.14356319901796,165.18774,8.955819058392962
00-0010346,Peyton Manning,2009,571,174.14356319901796,130.54233597675443,133.75601,-3.213675986136195
00-0010346,Peyton Manning,2010,679,130.54233597675443,161.96348390945786,161.01366,0.9498272932469263
00-0010346,Peyton Manning,2012,583,161.96348390945786,263.1860975704831,229.0731,34.11299271208469
00-0010346,Peyton Manning,2013,659,263.1860975704831,119.71089107857144,126.680305,-6.9694144023855955
00-0010346,Peyton Manning,2014,597,119.71089107857144,-31.956644534830502,0.38214654,-32.33879107213443
00-0010455,Jamie Martin,2002,195,-13.15280022213065,-3.5994353872481986,-12.172868,8.57343238771518
00-0010560,Shane Matthews,2000,176,-35.44838160186929,-10.20267958123036,-18.62078,8.418101363593859
00-0010560,Shane Matthews,2001,129,-10.20267958123036,-14.699879356114137,-11.753784,-2.9460951764266365
00-0011022,Donovan McNabb,2000,563,6.615934779470823,0.159844047600409,-2.126971,2.2868150539938417
00-0011022,Donovan McNabb,2001,493,0.159844047600409,2.758797035343459,20.239908,-17.48111118304033
00-0011022,Donovan McNabb,2002,361,2.758797035343459,1.000225167857181,-4.09348,5.093705278025638
00-0011022,Donovan McNabb,2003,479,1.000225167857181,121.6976131022653,83.068085,38.62952838546842
00-0011022,Donovan McNabb,2004,469,121.6976131022653,15.626556849589983,26.054377,-10.427819752582868
00-0011022,Donovan McNabb,2005,357,15.626556849589983,36.704777738096354,33.1546,3.5501795020123694
00-0011022,Donovan McNabb,2006,316,36.704777738096354,35.59022092831584,27.020216,8.570004940156657
00-0011022,Donovan McNabb,2007,473,35.59022092831584,59.90753778374601,44.81874,15.088796939019446
00-0011022,Donovan McNabb,2008,571,59.90753778374601,38.62432210313621,51.43315,-12.80882914198098
00-0011022,Donovan McNabb,2009,443,38.62432210313621,-7.476039376566824,-0.371617,-7.104422387192663
00-0011022,Donovan McNabb,2010,472,-7.476039376566824,-17.455171481491632,-5.4620876,-11.993083850266046
00-0011024,Steve McNair,2000,389,14.523362430470453,65.59615838069338,24.793478,40.80268036860842
00-0011024,Steve McNair,2001,431,65.59615838069338,72.45615506142518,57.348293,15.10786175698182
00-0011024,Steve McNair,2002,492,72.45615506142518,104.22644267826904,65.258255,38.968187673386225
00-0011024,Steve McNair,2003,400,104.22644267826904,4.639694231210406,29.897034,-25.257339460195844
00-0011024,Steve McNair,2004,215,4.639694231210406,-9.399797444046223,-7.6794224,-1.7203750655061842
00-0011024,Steve McNair,2005,476,-9.399797444046223,39.61885033156843,26.088118,13.530732732081127
00-0011024,Steve McNair,2006,468,39.61885033156843,-36.23172274087431,-21.416948,-14.814774422392865
00-0011276,Jim Miller,2001,395,-19.677748296560853,-9.756311424688771,-12.139388,2.3830766597228497
00-0013042,Jake Plummer,2000,469,-42.26545756017644,40.203132033156265,26.875818,13.327313780592789
00-0013042,Jake Plummer,2001,525,40.203132033156265,-56.0086246991642,-36.807713,-19.20091214423256
00-0013042,Jake Plummer,2002,530,-56.0086246991642,45.50309377785823,24.463602,21.039491711818194
00-0013042,Jake Plummer,2003,302,45.50309377785823,65.45772583113018,56.649662,8.80806381330791
00-0013042,Jake Plummer,2004,522,65.45772583113018,68.52753603458265,43.068146,25.459390282629528
00-0013042,Jake Plummer,2005,456,68.52753603458265,-26.12506597165406,-3.1382668,-22.986799169819953
00-0015700,Kordell Stewart,2000,286,7.0366332798707045,57.62115655662349,20.002323,37.618833405988724
00-0015700,Kordell Stewart,2001,442,57.62115655662349,16.178044642006356,11.520995,4.657049501930672
00-0015700,Kordell Stewart,2002,166,16.178044642006356,-73.52391764121263,-41.665348,-31.85856958823412
00-0016193,Vinny Testaverde,2000,581,9.60083461816262,7.213158364065942,-9.861657,17.0748155067051
00-0016193,Vinny Testaverde,2001,441,7.213158364065942,2.7844259880565234,10.74877,-7.9643437720753125
00-0016193,Vinny Testaverde,2003,198,2.7844259880565234,8.606151670197526,-2.2273757,10.833527415970842
00-0016193,Vinny Testaverde,2004,494,8.606151670197526,-25.597922124235406,-10.631053,-14.966869153349176
00-0016193,Vinny Testaverde,2005,106,-25.597922124235406,-27.78821468342351,-20.357683,-7.430531501660816
00-0017200,Kurt Warner,2000,344,102.27495901887193,152.676967651878,137.84615,14.830822021995175
00-0017200,Kurt Warner,2001,546,152.676967651878,-26.000959560399274,-0.9154892,-25.08547036362193
00-0017200,Kurt Warner,2002,220,-26.000959560399274,6.5120841707889685,0.36381474,6.148269429415906
00-0017200,Kurt Warner,2004,277,6.5120841707889685,30.815950529531698,-5.927518,36.74346842046187
00-0017200,Kurt Warner,2005,375,30.815950529531698,10.37292399037455,19.07052,-8.697596410626426
00-0017200,Kurt Warner,2006,168,10.37292399037455,47.108145978385856,16.139343,30.968802716667106
00-0017200,Kurt Warner,2007,452,47.108145978385856,114.33177088645904,88.78567,25.546103467025446
00-0017200,Kurt Warner,2008,599,114.33177088645904,52.96729159590208,51.123627,1.8436648869177077
00-0018272,Anthony Wright,2003,178,-12.191614177036628,-26.04539830318813,-17.674772,-8.370626040614887
00-0019559,Chad Pennington,2002,399,117.21764742421118,22.58380983818722,31.4867,-8.902890219796177
00-0019559,Chad Pennington,2003,297,22.58380983818722,29.422586842702454,26.15048,3.272106572316712
00-0019559,Chad Pennington,2004,370,29.422586842702454,24.74479794571577,33.24108,-8.496283292077198
00-0019559,Chad Pennington,2006,485,24.74479794571577,-2.4694395016270647,7.420825,-9.890264506204701
00-0019559,Chad Pennington,2007,260,-2.4694395016270647,90.0194417308048,45.701576,44.317865497894644
00-0019596,Tom Brady,2001,413,14.048472081929631,13.039537683352256,2.667228,10.372309699877524
00-0019596,Tom Brady,2002,601,13.039537683352256,35.284094999821775,25.393866,9.890229414494627
00-0019596,Tom Brady,2003,528,35.284094999821775,120.46439413787454,73.71848,46.74591116668313
00-0019596,Tom Brady,2004,474,120.46439413787454,112.97456953332264,90.94953,22.025037978146855
00-0019596,Tom Brady,2005,530,112.97456953332264,67.65501013516601,88.374214,-20.719204037197272
00-0019596,Tom Brady,2006,517,67.65501013516601,250.0281579677097,191.34833,58.67983033099094
00-0019596,Tom Brady,2007,578,250.0281579677097,136.5798376742497,128.56775,8.012088650812188
00-0019596,Tom Brady,2009,565,136.5798376742497,150.04829620827692,128.56953,21.47876190651911
00-0019596,Tom Brady,2010,492,150.04829620827692,198.03348554604884,162.053,35.980491771634775
00-0019596,Tom Brady,2011,611,198.03348554604884,190.1886397708397,157.83878,32.349864136074075
00-0019596,Tom Brady,2012,637,190.1886397708397,69.39238269031705,97.54113,-28.14874737560092
00-0019596,Tom Brady,2013,628,69.39238269031705,110.73081503496122,102.706726,8.024088960742475
00-0019596,Tom Brady,2014,582,110.73081503496122,127.53617939309687,145.46092,-17.924742848114064
00-0019596,Tom Brady,2015,624,127.53617939309687,147.29648005710283,124.39664,22.8998430942122
00-0019596,Tom Brady,2016,432,147.29648005710283,138.50818443449458,135.69121,2.8169765487523932
00-0019596,Tom Brady,2017,581,138.50818443449458,92.55194421713176,93.353676,-0.8017316251533941
00-0019596,Tom Brady,2018,570,92.55194421713176,31.495536933869403,48.04022,-16.54468141940208
00-0019596,Tom Brady,2019,613,31.495536933869403,133.306173572968,103.9775,29.32867265744065
00-0019596,Tom Brady,2020,610,133.306173572968,145.71488371139247,136.58237,9.1325167680331
00-0019596,Tom Brady,2021,719,145.71488371139247,61.90626977165676,69.294266,-7.387995975413553
00-0019599,Marc Bulger,2003,532,34.9373443060663,76.32803505016615,47.218395,29.109639817011853
00-0019599,Marc Bulger,2004,485,76.32803505016615,51.55671240887721,65.332146,-13.775433282040758
00-0019599,Marc Bulger,2005,287,51.55671240887721,55.18097075092615,59.09751,-3.9165405405777562
00-0019599,Marc Bulger,2006,588,55.18097075092615,-47.93895474614525,-20.745314,-27.19364110173607
00-0019599,Marc Bulger,2007,378,-47.93895474614525,-80.12942850714597,-44.48949,-35.63993799811277
00-0019599,Marc Bulger,2008,441,-80.12942850714597,-38.49705222251772,-25.733467,-12.763585120466942
00-0019623,Tim Rattay,2003,118,20.074316703208652,-30.413287878685075,-16.079765,-14.333522558860857
00-0019623,Tim Rattay,2004,325,-30.413287878685075,9.134248078508366,-9.40444,18.538688004655825
00-0019709,Chris Redman,2002,182,-19.836973515104425,-11.422329389726189,-26.412083,14.989753282392952
00-0019709,Chris Redman,2007,149,-11.422329389726189,0.7165102831004582,-21.59106,22.307570921528193
00-0020245,Mike Vick,2002,421,33.615713160062654,-13.32130151897788,-29.64751,16.326209009586574
00-0020245,Mike Vick,2003,100,-13.32130151897788,-71.01689360313296,-61.43706,-9.579832293318503
00-0020245,Mike Vick,2004,321,-71.01689360313296,-15.182438035430152,-22.478775,7.29633698898391
00-0020245,Mike Vick,2005,387,-15.182438035430152,-66.99131294279393,-50.632027,-16.359286270430644
00-0020245,Mike Vick,2006,389,-66.99131294279393,66.24013266749661,27.608524,38.631608344986844
00-0020245,Mike Vick,2010,372,66.24013266749661,49.776743787846485,36.297127,13.479617017826953
00-0020245,Mike Vick,2011,423,49.776743787846485,-2.25061192759998,7.693597,-9.944208767504765
00-0020245,Mike Vick,2012,351,-2.25061192759998,1.838231289096252,1.2324252,0.6058060762361446
00-0020245,Mike Vick,2013,141,1.838231289096252,-48.4193069326558,-34.84892,-13.570388017860878
00-0020305,A.J. Feeley,2002,154,4.218718046445187,-80.57842111483723,-55.285397,-25.293024538909492
00-0020305,A.J. Feeley,2004,356,-80.57842111483723,-7.336493589519964,-5.3739405,-1.9625531216854917
00-0020308,Mike McMahon,2002,147,-31.437048470848996,-55.5199813035796,-49.784836,-5.735145488149911
00-0020404,Quincy Carter,2002,221,-10.824405551989024,-49.63527101812181,-28.58847,-21.046800559137438
00-0020480,Sage Rosenfels,2007,240,31.028751039268883,6.264888305926954,23.753838,-17.488949279522267
00-0020531,Drew Brees,2002,526,6.135578352908768,-59.786184187180176,-37.65961,-22.12657343888916
00-0020531,Drew Brees,2003,356,-59.786184187180176,130.74531570183433,61.539726,69.20558944451011
00-0020531,Drew Brees,2004,400,130.74531570183433,64.01175467035816,57.57074,6.441014924264408
00-0020531,Drew Brees,2005,500,64.01175467035816,124.24046867104968,120.979,3.2614723941942145
00-0020531,Drew Brees,2006,555,124.24046867104968,53.030763382990074,56.53064,-3.4998762654474262
00-0020531,Drew Brees,2007,655,53.030763382990074,163.06032784462403,149.3191,13.741220788959964
00-0020531,Drew Brees,2008,635,163.06032784462403,157.81398207679922,137.4245,20.38948256508047
00-0020531,Drew Brees,2009,514,157.81398207679922,84.0468688083093,113.06203,-29.015158169229764
00-0020531,Drew Brees,2010,658,84.0468688083093,225.52100298145996,190.12595,35.39505693653808
00-0020531,Drew Brees,2011,660,225.52100298145996,114.68509710656896,116.88529,-2.2001949466536956
00-0020531,Drew Brees,2012,670,114.68509710656896,147.93384446670268,131.698,16.23584641982768
00-0020531,Drew Brees,2013,650,147.93384446670268,103.02978814409695,111.424515,-8.394726626410858
00-0020531,Drew Brees,2014,659,103.02978814409695,105.54360427458502,120.43257,-14.888967136547791
00-0020531,Drew Brees,2015,627,105.54360427458502,113.29107356053856,115.06444,-1.7733643056723736
00-0020531,Drew Brees,2016,673,113.29107356053856,106.64644942046743,101.93563,4.71081862212759
00-0020531,Drew Brees,2017,536,106.64644942046743,159.19895505122125,141.57852,17.620433322705622
00-0020531,Drew Brees,2018,489,159.19895505122125,93.79557738414712,94.633766,-0.8381887901692835
00-0020531,Drew Brees,2019,378,93.79557738414712,69.72044695507294,72.76132,-3.040875066411431
00-0020608,David Carr,2003,295,-26.906566108726633,30.81975013525494,14.959912,15.859837835145076
00-0020608,David Carr,2004,467,30.81975013525494,-67.9094791361773,-38.43007,-29.479410166450734
00-0020608,David Carr,2005,423,-67.9094791361773,-46.038332191816,-31.497154,-14.541177955976153
00-0020608,David Carr,2006,442,-46.038332191816,-30.178160071953823,-25.198765,-4.979395270928432
00-0020679,Shaun Hill,2008,288,27.0031798116924,-18.631601619526627,-6.2069426,-12.424659061238053
00-0020679,Shaun Hill,2009,155,-18.631601619526627,17.992639199960887,1.3079318,16.684707419145763
00-0020679,Shaun Hill,2010,416,17.992639199960887,-23.89881369991659,-13.4243965,-10.474417185024013
00-0021141,Joey Harrington,2003,554,-92.40595086009588,-58.28722226254224,-47.15123,-11.1359924041438
00-0021141,Joey Harrington,2004,489,-58.28722226254224,-38.15716863856049,-19.694063,-18.463105451914984
00-0021141,Joey Harrington,2005,330,-38.15716863856049,-42.297489179354415,-23.973934,-18.32355500577043
00-0021141,Joey Harrington,2006,388,-42.297489179354415,-38.03268107355535,-18.137009,-19.895672406563165
00-0021206,Josh McCown,2003,165,-16.009218423207265,-43.86217371800463,-29.666101,-14.19607226231615
00-0021206,Josh McCown,2004,408,-43.86217371800463,-7.14102420273545,-23.994343,16.853318601219627
00-0021206,Josh McCown,2005,270,-7.14102420273545,-23.820791199942416,-20.200975,-3.619815781851596
00-0021206,Josh McCown,2007,191,-23.820791199942416,82.01391675626952,53.57145,28.442467476484367
00-0021206,Josh McCown,2013,224,82.01391675626952,-29.44601484442695,-11.517706,-17.928308927068553
00-0021206,Josh McCown,2014,327,-29.44601484442695,15.662762937371989,9.540934,6.1218293283632
00-0021206,Josh McCown,2015,292,15.662762937371989,-26.370596484836565,-22.677916,-3.6926809117164474
00-0021206,Josh McCown,2016,165,-26.370596484836565,14.320195225675937,-3.4925735,17.812768725355504
00-0021206,Josh McCown,2017,397,14.320195225675937,-32.38688326054918,-23.82066,-8.566223623098011
00-0021231,David Garrard,2005,168,16.05184142377653,-18.141614301386305,-15.567461,-2.5741532875923596
00-0021231,David Garrard,2006,241,-18.141614301386305,78.71033428136249,39.69915,39.01118419591327
00-0021231,David Garrard,2007,325,78.71033428136249,15.541969915666687,15.963883,-0.4219134842966916
00-0021231,David Garrard,2008,535,15.541969915666687,-8.461835108037402,1.1082385,-9.570073566670825
00-0021231,David Garrard,2009,516,-8.461835108037402,23.823731637378913,25.433386,-1.6096542116201107
00-0021379,Patrick Ramsey,2003,338,-25.387596065719404,-5.337676041472103,-6.4243517,1.0866756507276039
00-0021429,Carson Palmer,2005,509,120.45502324354844,62.18936231082692,63.37004,-1.180678582727765
00-0021429,Carson Palmer,2006,520,62.18936231082692,60.22681372071517,60.919994,-0.6931806335328758
00-0021429,Carson Palmer,2007,575,60.22681372071517,-17.086664309294815,3.0637727,-20.15043698767006
00-0021429,Carson Palmer,2008,130,-17.086664309294815,47.67946300389795,31.69931,15.980152701163576
00-0021429,Carson Palmer,2009,466,47.67946300389795,35.687816629765834,35.564777,0.12303925549825578
00-0021429,Carson Palmer,2010,586,35.687816629765834,34.36404957944187,23.935566,10.42848363095554
00-0021429,Carson Palmer,2011,328,34.36404957944187,16.911176471452514,27.885897,-10.974720211286744
00-0021429,Carson Palmer,2012,565,16.911176471452514,12.825727478092794,8.617099,4.20862866980422
00-0021429,Carson Palmer,2013,572,12.825727478092794,32.81934315503189,37.758675,-4.9393314665501435
00-0021429,Carson Palmer,2014,224,32.81934315503189,157.61754612943565,120.074036,37.5435104849044
00-0021429,Carson Palmer,2015,537,157.61754612943565,34.85178977190047,56.388374,-21.53658455671281
00-0021429,Carson Palmer,2016,597,34.85178977190047,-3.251267905359141,11.837062,-15.088329787378184
00-0021678,Tony Romo,2007,520,139.9886226375508,48.20309174642024,50.689655,-2.4865635575348364
00-0021678,Tony Romo,2008,451,48.20309174642024,113.02790599830774,98.72387,14.304036674577276
00-0021678,Tony Romo,2009,550,113.02790599830774,25.438720242337546,42.62452,-17.185799105806986
00-0021678,Tony Romo,2010,213,25.438720242337546,93.954418204766,96.80731,-2.85289380695275
00-0021678,Tony Romo,2011,522,93.954418204766,83.71177806119434,78.072754,5.639024154944337
00-0021678,Tony Romo,2012,648,83.71177806119434,61.24347559387949,74.59842,-13.354943595573637
00-0021678,Tony Romo,2013,535,61.24347559387949,145.6905271308002,117.08652,28.60400979681583
00-0021678,Tony Romo,2014,435,145.6905271308002,-10.050436075268909,2.0010931,-12.05152922445409
00-0022005,Chris Simms,2005,313,-25.77128270612362,-44.14863956035799,-35.075325,-9.073314548150961
00-0022055,Seneca Wallace,2006,141,-23.89818709632931,15.601658627035144,3.539645,12.0620136704464
00-0022055,Seneca Wallace,2008,242,15.601658627035144,0.1502463127995184,3.92252,-3.7722736094569513
00-0022055,Seneca Wallace,2009,120,0.1502463127995184,5.175237016667688,0.7905201,4.38471694468435
00-0022055,Seneca Wallace,2010,101,5.175237016667688,-20.57370664712164,-15.484314,-5.089392682277889
00-0022121,Rex Grossman,2006,480,-27.0587427658017,-50.29701226284215,-26.206373,-24.090639048120472
00-0022121,Rex Grossman,2007,225,-50.29701226284215,-15.140292248867684,-10.420389,-4.719903073452645
00-0022121,Rex Grossman,2010,133,-15.140292248867684,-13.972273377445095,-24.50537,10.533095808956272
00-0022164,Kyle Boller,2004,464,-76.6370986789032,-11.626264982917238,-19.581259,7.954993790886473
00-0022164,Kyle Boller,2005,293,-11.626264982917238,-33.0828660469204,-28.461142,-4.62172446061669
00-0022164,Kyle Boller,2007,275,-33.0828660469204,-68.58252961639968,-34.3789,-34.203630995794214
00-0022177,Byron Leftwich,2004,441,19.795156618576343,28.25330797039489,13.80133,14.451978357662956
00-0022177,Byron Leftwich,2005,302,28.25330797039489,2.389967728322665,6.982555,-4.592587184244474
00-0022177,Byron Leftwich,2006,184,2.389967728322665,-11.17022326929303,-13.170245,2.000021901300231
00-0022787,Matt Schaub,2007,289,8.466493125943469,35.355537266731915,5.9557743,29.399762959480938
00-0022787,Matt Schaub,2008,380,35.355537266731915,135.58121106589786,93.491394,42.08981702292911
00-0022787,Matt Schaub,2009,583,135.58121106589786,76.91602591059832,71.24491,5.671114716750665
00-0022787,Matt Schaub,2010,574,76.91602591059832,63.54495502661205,69.96129,-6.416333425536386
00-0022787,Matt Schaub,2011,292,63.54495502661205,84.80408646627983,86.574875,-1.7707884116498604
00-0022787,Matt Schaub,2012,544,84.80408646627983,-32.328896102023755,2.073003,-34.401899155688916
00-0022803,Eli Manning,2005,558,41.346540567868885,-6.605720006958046,-6.69408,0.08835986898799852
00-0022803,Eli Manning,2006,522,-6.605720006958046,-50.09168922029341,-8.6488,-41.442889324053176
00-0022803,Eli Manning,2007,528,-50.09168922029341,46.24533213347021,32.527805,13.717526805101066
00-0022803,Eli Manning,2008,479,46.24533213347021,88.22736758675096,57.47604,30.75132770027635
00-0022803,Eli Manning,2009,509,88.22736758675096,43.21750294362546,42.21444,1.003063551535618
00-0022803,Eli Manning,2010,539,43.21750294362546,89.43524404839545,75.05001,14.385233367243103
00-0022803,Eli Manning,2011,589,89.43524404839545,57.48117236682826,53.344933,4.136239810675917
00-0022803,Eli Manning,2012,536,57.48117236682826,-46.27777276162307,-3.920966,-42.35680685166518
00-0022803,Eli Manning,2013,551,-46.27777276162307,66.40867828881022,41.25066,25.15801834618327
00-0022803,Eli Manning,2014,601,66.40867828881022,56.872562863799345,44.04712,12.825443723174345
00-0022803,Eli Manning,2015,618,56.872562863799345,-5.597733376855103,14.667832,-20.265565751427857
00-0022803,Eli Manning,2016,598,-5.597733376855103,-59.33555444778795,-28.85075,-30.484804478305527
00-0022803,Eli Manning,2017,571,-59.33555444778795,27.83334421025058,31.246183,-3.4128391851351623
00-0022803,Eli Manning,2018,576,27.83334421025058,-6.980309834191953,-9.708354,2.7280441620849025
00-0022912,J.P. Losman,2005,228,-46.8496544046815,-25.221815203578885,-23.957296,-1.2645188321189238
00-0022912,J.P. Losman,2006,430,-25.221815203578885,-25.33410495314546,-24.01073,-1.3233742097372563
00-0022912,J.P. Losman,2007,175,-25.33410495314546,-40.89992473414723,-28.617037,-12.28288791468922
00-0022924,Ben Roethlisberger,2005,268,72.4329629728527,9.3415464755273,14.008143,-4.666596949460493
00-0022924,Ben Roethlisberger,2006,470,9.3415464755273,77.24751767419593,71.960686,5.286831944215464
00-0022924,Ben Roethlisberger,2007,405,77.24751767419593,-6.34045047439985,7.202201,-13.542651363987252
00-0022924,Ben Roethlisberger,2008,470,-6.34045047439985,87.78840817841593,62.67815,25.110258001413982
00-0022924,Ben Roethlisberger,2009,506,87.78840817841593,78.62572160339533,76.31054,2.3151823577898654
00-0022924,Ben Roethlisberger,2010,389,78.62572160339533,81.67987079168356,73.215515,8.464355654964805
00-0022924,Ben Roethlisberger,2011,513,81.67987079168356,67.95383736201597,52.048523,15.905314412797225
00-0022924,Ben Roethlisberger,2012,449,67.95383736201597,60.671946859195245,70.75968,-10.087734842464911
00-0022924,Ben Roethlisberger,2013,584,60.671946859195245,155.46690631696674,112.7791,42.687807806224555
00-0022924,Ben Roethlisberger,2014,608,155.46690631696674,95.27050652401628,79.66841,15.602095269133471
00-0022924,Ben Roethlisberger,2015,469,95.27050652401628,86.4211359282757,97.50191,-11.08077142035711
00-0022924,Ben Roethlisberger,2016,509,86.4211359282757,85.54563093095166,91.88795,-6.342316151567871
00-0022924,Ben Roethlisberger,2017,562,85.54563093095166,142.84618901639533,105.75313,37.093060964637516
00-0022924,Ben Roethlisberger,2018,675,142.84618901639533,55.11086141312222,60.79598,-5.685117133020356
00-0022924,Ben Roethlisberger,2020,608,55.11086141312222,-44.58255300954863,-46.537563,1.9550103144259765
00-0022942,Philip Rivers,2006,460,85.5473995034387,30.640627636919323,31.608446,-0.9678184842964974
00-0022942,Philip Rivers,2007,460,30.640627636919323,134.40771293824346,104.20389,30.20382499879034
00-0022942,Philip Rivers,2008,478,134.40771293824346,168.66925643416928,139.26006,29.409200892177097
00-0022942,Philip Rivers,2009,486,168.66925643416928,164.92084636326834,166.32805,-1.4072023427863485
00-0022942,Philip Rivers,2010,541,164.92084636326834,101.6892132750464,112.59918,-10.909968853859851
00-0022942,Philip Rivers,2011,582,101.6892132750464,-2.156317642490418,34.151215,-36.307532242099796
00-0022942,Philip Rivers,2012,527,-2.156317642490418,173.44334986829443,145.35147,28.09187892102881
00-0022942,Philip Rivers,2013,544,173.44334986829443,77.77659778304047,69.23879,8.537805363606878
00-0022942,Philip Rivers,2014,570,77.77659778304047,65.92256311614923,90.987144,-25.06458135406561
00-0022942,Philip Rivers,2015,661,65.92256311614923,51.945378468018355,62.276157,-10.330778911132036
00-0022942,Philip Rivers,2016,578,51.945378468018355,117.54848241619028,90.76643,26.78204870036997
00-0022942,Philip Rivers,2017,575,117.54848241619028,137.72665280236802,108.87344,28.853209198852397
00-0022942,Philip Rivers,2018,508,137.72665280236802,67.68109725720754,70.726456,-3.0453584312690225
00-0022942,Philip Rivers,2019,591,67.68109725720754,104.33805718987291,88.73691,15.601149230888538
00-0023436,Alex Smith,2006,443,-33.63505306853237,-72.64497970249118,-61.446804,-11.198175655860325
00-0023436,Alex Smith,2007,193,-72.64497970249118,-17.02034486779206,-31.506256,14.485911235723567
00-0023436,Alex Smith,2009,372,-17.02034486779206,-15.185472563148853,-17.203663,2.0181903091656004
00-0023436,Alex Smith,2010,342,-15.185472563148853,21.331183642427,-0.4211028,21.752286434451612
00-0023436,Alex Smith,2011,445,21.331183642427,33.56166513759301,21.28028,12.281385978047112
00-0023436,Alex Smith,2012,218,33.56166513759301,24.394525886672568,36.244343,-11.84981691728251
00-0023436,Alex Smith,2013,508,24.394525886672568,63.463065944768246,51.054848,12.40821822748309
00-0023436,Alex Smith,2014,464,63.463065944768246,30.328905517484312,35.30123,-4.972325866793032
00-0023436,Alex Smith,2015,470,30.328905517484312,42.13984683601021,34.21809,7.92175677863716
00-0023436,Alex Smith,2016,489,42.13984683601021,92.04293372487636,59.996983,32.04595115041347
00-0023436,Alex Smith,2017,505,92.04293372487636,-6.617012404721574,21.681305,-28.2983173363622
00-0023436,Alex Smith,2018,328,-6.617012404721574,-32.68786900252314,-19.504784,-13.18308537215205
00-0023459,Aaron Rodgers,2008,536,77.93465967768161,122.22421536294344,84.158035,38.06618008462313
00-0023459,Aaron Rodgers,2009,541,122.22421536294344,116.86728530821212,96.92618,19.941107329696493
00-0023459,Aaron Rodgers,2010,475,116.86728530821212,224.3149269880729,195.31697,28.997956162877585
00-0023459,Aaron Rodgers,2011,501,224.3149269880729,115.05985499440348,107.2791,7.780756483661293
00-0023459,Aaron Rodgers,2012,552,115.05985499440348,94.2014997188724,87.04093,7.160568017212242
00-0023459,Aaron Rodgers,2013,290,94.2014997188724,170.94749426149733,149.36963,21.577865355247326
00-0023459,Aaron Rodgers,2014,520,170.94749426149733,-7.692705138248115,19.920973,-27.613677962344795
00-0023459,Aaron Rodgers,2015,572,-7.692705138248115,132.41956615379067,96.46516,35.95440959861489
00-0023459,Aaron Rodgers,2016,610,132.41956615379067,23.49950614524161,24.835571,-1.336065143820889
00-0023459,Aaron Rodgers,2017,238,23.49950614524161,52.818098437914315,53.27962,-0.46152268635326266
00-0023459,Aaron Rodgers,2018,597,52.818098437914315,57.70745093267907,43.655907,14.05154425543298
00-0023459,Aaron Rodgers,2019,569,57.70745093267907,186.2518480531837,168.00137,18.250474762168068
00-0023459,Aaron Rodgers,2020,526,186.2518480531837,129.76606195780067,118.04468,11.721384223425673
00-0023459,Aaron Rodgers,2021,531,129.76606195780067,-6.309945535983276,3.5838273,-9.893772793139648
00-0023460,Jason Campbell,2007,417,17.02019184372011,0.6001066698705122,-6.298128,6.89823479792227
00-0023460,Jason Campbell,2008,506,0.6001066698705122,1.258786518209325,6.921358,-5.662571590311183
00-0023460,Jason Campbell,2009,507,1.258786518209325,14.07489205979982,6.5258436,7.549048439499527
00-0023460,Jason Campbell,2010,329,14.07489205979982,20.316755861351783,15.02221,5.294545740196998
00-0023460,Jason Campbell,2011,165,20.316755861351783,-24.348667441981977,-11.605275,-12.743392287868208
00-0023541,Kyle Orton,2008,466,-22.008092501220716,30.25936995442791,9.223379,21.035990819296075
00-0023541,Kyle Orton,2009,541,30.25936995442791,31.810430105387137,22.35115,9.459279592691825
00-0023541,Kyle Orton,2010,498,31.810430105387137,17.474885185649445,25.140444,-7.665558616230438
00-0023541,Kyle Orton,2011,252,17.474885185649445,7.321141798229318,6.7427807,0.5783611128045134
00-0023578,Dan Orlovsky,2008,255,-17.380360650441908,4.892464669458844,-18.834112,23.726576836817244
00-0023645,Derek Anderson,2007,527,43.40330899280429,-25.016199128233225,-25.509333,0.49313352862712634
00-0023645,Derek Anderson,2008,283,-25.016199128233225,-70.04469669491452,-45.998135,-24.04656208187741
00-0023645,Derek Anderson,2009,182,-70.04469669491452,-57.669392494951936,-34.374546,-23.294846443926545
00-0023662,Matt Cassel,2008,518,76.29732779568691,-82.55727792547557,-47.80245,-34.754829652770496
00-0023662,Matt Cassel,2009,494,-82.55727792547557,64.49943208677422,40.512993,23.9864392278875
00-0023662,Matt Cassel,2010,450,64.49943208677422,-20.82500857551447,5.286565,-26.111573402479802
00-0023662,Matt Cassel,2011,269,-20.82500857551447,-38.921063091794,-25.93445,-12.986612942257864
00-0023662,Matt Cassel,2012,277,-38.921063091794,-11.876581504607708,-7.784541,-4.09204037454179
00-0023662,Matt Cassel,2013,254,-11.876581504607708,-37.72678255998684,-19.302685,-18.42409777605129
00-0023682,Ryan Fitzpatrick,2008,372,-76.92392160116236,-44.55617117849093,-27.4734,-17.08277106252413
00-0023682,Ryan Fitzpatrick,2009,227,-44.55617117849093,11.158662703560324,3.2408936,7.9177691011891085
00-0023682,Ryan Fitzpatrick,2010,441,11.158662703560324,-6.18484555746476,1.6925597,-7.877405276550453
00-0023682,Ryan Fitzpatrick,2011,569,-6.18484555746476,8.694933121841675,25.803518,-17.10858517344641
00-0023682,Ryan Fitzpatrick,2012,505,8.694933121841675,27.315928703294613,32.778957,-5.463028663648746
00-0023682,Ryan Fitzpatrick,2013,350,27.315928703294613,47.85447296926065,17.12927,30.72520241567178
00-0023682,Ryan Fitzpatrick,2014,312,47.85447296926065,72.50829739591452,53.726772,18.781525087564916
00-0023682,Ryan Fitzpatrick,2015,562,72.50829739591452,-18.125779991515593,2.273843,-20.399623041518645
00-0023682,Ryan Fitzpatrick,2016,403,-18.125779991515593,8.966295987526255,2.4379075,6.5283885301745705
00-0023682,Ryan Fitzpatrick,2017,163,8.966295987526255,59.56822162937678,27.911615,31.656606257672678
00-0023682,Ryan Fitzpatrick,2018,246,59.56822162937678,25.316553993446195,36.84594,-11.529385642784273
00-0023682,Ryan Fitzpatrick,2019,502,25.316553993446195,46.58721821586509,34.758896,11.828322341841655
00-0024218,Vince Young,2007,382,-13.214898481565449,32.83988959622345,23.667751,9.172138283967591
00-0024218,Vince Young,2009,259,32.83988959622345,22.910363264807636,14.592027,8.318336554297382
00-0024218,Vince Young,2010,156,22.910363264807636,-5.750620667983622,6.246834,-11.997454469253153
00-0024226,Jay Cutler,2007,467,56.27241555721115,127.62812400843622,103.57132,24.05680442835809
00-0024226,Jay Cutler,2008,616,127.62812400843622,-48.81004671209921,-44.330822,-4.479224721132411
00-0024226,Jay Cutler,2009,555,-48.81004671209921,-13.710707695869107,6.210957,-19.921664746192594
00-0024226,Jay Cutler,2010,432,-13.710707695869107,4.543881319639466,8.499462,-3.955580808046081
00-0024226,Jay Cutler,2011,314,4.543881319639466,-21.76011587875163,-5.532042,-16.228073852231855
00-0024226,Jay Cutler,2012,434,-21.76011587875163,11.77136347705926,8.1127,3.658663014717952
00-0024226,Jay Cutler,2013,355,11.77136347705926,-28.63086658874677,-8.152558,-20.47830826202558
00-0024226,Jay Cutler,2014,561,-28.63086658874677,27.574544449517507,29.40942,-1.8348755639102272
00-0024226,Jay Cutler,2015,483,27.574544449517507,-26.047714958422432,-0.44193855,-25.605776409142265
00-0024226,Jay Cutler,2016,137,-26.047714958422432,-23.95735952403088,-24.141674,0.18431451771716567
00-0024264,Kellen Clemens,2007,250,-50.34140074604961,-16.929046157055645,-15.372807,-1.556239607983379
00-0024279,Tarvaris Jackson,2007,294,-7.380110183899258,2.275284891991145,-0.55520934,2.8304942306561536
00-0024279,Tarvaris Jackson,2008,149,2.275284891991145,-13.80825762951278,-12.481544,-1.326714088558191
00-0024408,Bruce Gradkowski,2009,149,-5.083778055240818,-20.433944597519492,-22.340464,1.906519040786172
00-0025388,JaMarcus Russell,2008,367,-58.281563832837946,-120.68255710442946,-84.87457,-35.80798435052321
00-0025409,Brady Quinn,2009,256,-50.834900449128824,-76.62354845233358,-56.54258,-20.080968801454674
00-0025423,Kevin Kolb,2010,189,-13.44334721498138,-8.029222160653099,-19.848278,11.819055885001198
00-0025423,Kevin Kolb,2011,253,-8.029222160653099,-21.06558291849492,-15.822223,-5.243360208839157
00-0025430,Drew Stanton,2010,119,1.7402123016413693,4.506461395394161,-7.7694445,12.275905861031369
00-0025430,Drew Stanton,2014,240,4.506461395394161,-22.236957853646302,-25.079948,2.8429905716466664
00-0025479,Trent Edwards,2008,374,10.220437590546355,-31.665966272958705,-22.600998,-9.064968348154018
00-0025479,Trent Edwards,2009,183,-31.665966272958705,-39.82121801965859,-25.156994,-14.66422415369179
00-0025708,Matt Moore,2009,138,18.24638965807425,-37.049706099115014,-11.110419,-25.93928682573855
00-0025708,Matt Moore,2010,143,-37.049706099115014,3.751228296813261,-4.540063,8.291291201171171
00-0025708,Matt Moore,2011,347,3.751228296813261,-21.44826386769341,-12.247727,-9.200536473589406
00-0026143,Matt Ryan,2009,451,47.71010538004808,99.49467244909644,78.08537,21.409299524291754
00-0026143,Matt Ryan,2010,571,99.49467244909644,87.78109609545749,78.054146,9.726950282469204
00-0026143,Matt Ryan,2011,566,87.78109609545749,141.7550071679022,112.784874,28.97013320549985
00-0026143,Matt Ryan,2012,615,141.7550071679022,37.06585420053572,60.037445,-22.971590867823657
00-0026143,Matt Ryan,2013,651,37.06585420053572,71.84747865334776,72.609795,-0.7623159633514547
00-0026143,Matt Ryan,2014,628,71.84747865334776,79.66134243190754,74.55033,5.111011316184886
00-0026143,Matt Ryan,2015,614,79.66134243190754,176.4265240257243,143.34436,33.08216367416179
00-0026143,Matt Ryan,2016,534,176.4265240257243,70.37926863303906,64.460594,5.918674455792967
00-0026143,Matt Ryan,2017,529,70.37926863303906,122.4606328052705,110.64775,11.81288195077832
00-0026143,Matt Ryan,2018,608,122.4606328052705,20.470535377422227,16.426508,4.044027427593125
00-0026143,Matt Ryan,2019,616,20.470535377422227,68.41089281225402,60.27259,8.138302175046988
00-0026143,Matt Ryan,2020,626,68.41089281225402,8.224791799200407,17.837976,-9.61318465648807
00-0026143,Matt Ryan,2021,560,8.224791799200407,-24.760005779762064,-12.696049,-12.063957043189799
00-0026158,Joe Flacco,2009,499,51.8488912794945,45.02374387248377,41.836903,3.186841254075567
00-0026158,Joe Flacco,2010,489,45.02374387248377,30.54128362630674,32.2489,-1.7076177408807602
00-0026158,Joe Flacco,2011,542,30.54128362630674,15.820617883477349,12.476285,3.3443329027034228
00-0026158,Joe Flacco,2012,531,15.820617883477349,-35.64454589617082,14.523319,-50.167865140555584
00-0026158,Joe Flacco,2013,614,-35.64454589617082,73.29455290800261,67.74206,5.552495107709646
00-0026158,Joe Flacco,2014,554,73.29455290800261,6.087360314581819,15.4219885,-9.334628172661834
00-0026158,Joe Flacco,2015,413,6.087360314581819,-26.375798897186947,-15.109917,-11.265882210175228
00-0026158,Joe Flacco,2016,672,-26.375798897186947,-52.5727826322,-30.441486,-22.131296273557425
00-0026158,Joe Flacco,2017,549,-52.5727826322,19.17978335528972,22.306522,-3.126739014095044
00-0026158,Joe Flacco,2018,379,19.17978335528972,-23.281209961145215,-19.403511,-3.877698913781934
00-0026158,Joe Flacco,2019,262,-23.281209961145215,-9.165092194288736,-7.6221547,-1.5429374816117338
00-0026158,Joe Flacco,2020,134,-9.165092194288736,-25.36170515305042,-7.444576,-17.917129366459843
00-0026158,Joe Flacco,2022,191,-25.36170515305042,-1.607587160902579,7.094367,-8.701954188185294
00-0026197,Chad Henne,2009,451,13.642078074660438,-3.105561226960066,8.040261,-11.14582249557579
00-0026197,Chad Henne,2010,491,-3.105561226960066,5.6628644867453275,15.59561,-9.932745178171665
00-0026197,Chad Henne,2011,112,5.6628644867453275,-44.91556376237337,-32.65769,-12.257875621504226
00-0026197,Chad Henne,2012,308,-44.91556376237337,-33.60874612017805,-26.434391,-7.1743550984495315
00-0026498,Matthew Stafford,2011,673,92.20655684904467,32.44172258084128,35.60556,-3.1638377218930955
00-0026498,Matthew Stafford,2012,727,32.44172258084128,56.62307376059545,59.53076,-2.907687958154547
00-0026498,Matthew Stafford,2013,634,56.62307376059545,30.499920785969284,35.38302,-4.88309770768306
00-0026498,Matthew Stafford,2014,602,30.499920785969284,25.566938680494655,18.558456,7.008482259596217
00-0026498,Matthew Stafford,2015,592,25.566938680494655,73.89057127971115,64.826836,9.063735647386935
00-0026498,Matthew Stafford,2016,594,73.89057127971115,38.3132342865771,45.006752,-6.693517727583057
00-0026498,Matthew Stafford,2017,565,38.3132342865771,10.256432385859132,48.147545,-37.891112474980716
00-0026498,Matthew Stafford,2018,555,10.256432385859132,69.60849164905136,49.956932,19.651559581180265
00-0026498,Matthew Stafford,2019,291,69.60849164905136,55.84689829382474,53.617718,2.2291805509048146
00-0026498,Matthew Stafford,2020,528,55.84689829382474,116.43642310095348,99.68765,16.74877051306285
00-0026498,Matthew Stafford,2021,601,116.43642310095348,-24.03734681550175,-17.029505,-7.007842039500773
00-0026498,Matthew Stafford,2022,303,-24.03734681550175,55.03210787712951,36.328903,18.703204678887325
00-0026625,Brian Hoyer,2014,438,-2.00794273202818,15.478775021734968,8.769232,6.70954322547032
00-0026625,Brian Hoyer,2015,369,15.478775021734968,34.807929013654274,2.5496495,32.25827953664927
00-0026625,Brian Hoyer,2016,200,34.807929013654274,-29.952640037107944,-6.865188,-23.08745191531229
00-0026898,Mark Sanchez,2010,507,-9.535986741055014,-57.65046149161719,-42.216415,-15.434046086343756
00-0026898,Mark Sanchez,2011,543,-57.65046149161719,-63.86828877350389,-21.081661,-42.78662754913866
00-0026898,Mark Sanchez,2012,453,-63.86828877350389,38.80004449308877,16.341124,22.458920912156152
00-0026993,Josh Freeman,2010,474,75.28410727410261,-37.93021810764364,-19.438683,-18.491535551491296
00-0026993,Josh Freeman,2011,551,-37.93021810764364,25.48503153146985,20.19556,5.289471076147585
00-0026993,Josh Freeman,2012,558,25.48503153146985,-37.20489621086833,-17.5071,-19.697797059257
00-0027688,Colt McCoy,2011,463,-34.884873588207526,-0.298772753510991,12.001649,-12.300421656404058
00-0027688,Colt McCoy,2014,128,-0.298772753510991,-30.083980903608307,-18.700161,-11.383819923383697
00-0027754,John Skelton,2011,275,-49.70495597176042,-67.33181184670829,-58.52542,-8.806390704130166
00-0027854,Sam Bradford,2011,357,-79.5534111252532,0.2816349855832194,0.06354081,0.21809417672673215
00-0027854,Sam Bradford,2012,551,0.2816349855832194,-2.048588471707706,-9.032954,6.984365744295712
00-0027854,Sam Bradford,2013,262,-2.048588471707706,4.109355180489409,15.157114,-11.047758848441255
00-0027854,Sam Bradford,2015,532,4.109355180489409,36.28674542173499,16.783968,19.502777449933234
00-0027939,Cam Newton,2012,485,54.95805549863879,33.1253804500164,29.009415,4.115965777164838
00-0027939,Cam Newton,2013,473,33.1253804500164,-10.557302570438983,14.901022,-25.458324527836446
00-0027939,Cam Newton,2014,448,-10.557302570438983,85.87007847376454,25.597006,60.273072629648325
00-0027939,Cam Newton,2015,495,85.87007847376454,-23.490819193906837,-8.314954,-15.175865389890724
00-0027939,Cam Newton,2016,510,-23.490819193906837,-2.1696097014514795,14.252157,-16.42176691275519
00-0027939,Cam Newton,2017,492,-2.1696097014514795,32.13335891689222,30.012974,2.1203851314918296
00-0027939,Cam Newton,2018,471,32.13335891689222,-4.540039214108631,6.7804413,-11.320480498288319
00-0027939,Cam Newton,2020,368,-4.540039214108631,-40.78142059471429,-25.711447,-15.06997383262933
00-0027946,Jake Locker,2012,314,-23.894235787919317,7.382069419389301,-15.864937,23.24700624800258
00-0027946,Jake Locker,2013,183,7.382069419389301,-32.45284006786507,-18.69165,-13.761189677240068
00-0027948,Blaine Gabbert,2012,278,-37.66674826655969,-30.87260658638509,-47.351177,16.478570629191083
00-0027948,Blaine Gabbert,2015,282,-30.87260658638509,-33.18219087480132,-29.428476,-3.7537145411831574
00-0027948,Blaine Gabbert,2016,160,-33.18219087480132,-54.940678147842306,-37.887444,-17.053234605361837
00-0027948,Blaine Gabbert,2017,171,-54.940678147842306,-23.27536538691046,-8.005644,-15.26972154230597
00-0027950,Christian Ponder,2012,483,-8.96750798814706,-23.037471617175378,-16.086622,-6.950849379016198
00-0027973,Andy Dalton,2012,528,-0.9018503584871532,67.86008473726129,46.552513,21.307571614702695
00-0027973,Andy Dalton,2013,586,67.86008473726129,3.2633495169093507,11.940792,-8.677442566830884
00-0027973,Andy Dalton,2014,481,3.2633495169093507,116.20513929192992,94.247314,21.957824838804925
00-0027973,Andy Dalton,2015,386,116.20513929192992,63.68831079074759,61.18351,2.504800964087437
00-0027973,Andy Dalton,2016,563,63.68831079074759,-30.998743666825927,-18.037577,-12.961166991410888
00-0027973,Andy Dalton,2017,496,-30.998743666825927,27.37702385996771,24.078463,3.298561259259703
00-0027973,Andy Dalton,2018,365,27.37702385996771,-16.00874001621874,-14.141793,-1.8669467651811438
00-0027973,Andy Dalton,2019,528,-16.00874001621874,-11.200869862839085,-11.689631,0.4887615992580834
00-0027973,Andy Dalton,2020,333,-11.200869862839085,-31.21305377452016,-5.4093766,-25.80367715327382
00-0027973,Andy Dalton,2021,236,-31.21305377452016,17.990597040069932,3.8384426,14.152154476059312
00-0027974,Colin Kaepernick,2012,218,52.86631071060112,56.77815207297809,37.85897,18.919181430888244
00-0027974,Colin Kaepernick,2013,416,56.77815207297809,3.2674559081757355,27.38917,-24.12171378481743
00-0027974,Colin Kaepernick,2014,478,3.2674559081757355,-27.38028927537237,-6.660801,-20.71948834153448
00-0027974,Colin Kaepernick,2015,244,-27.38028927537237,-8.835200188322167,-5.8742776,-2.960922596616845
00-0028118,Tyrod Taylor,2015,380,56.59511852018485,33.04290422923219,43.421223,-10.378318457535386
00-0028118,Tyrod Taylor,2016,436,33.04290422923219,4.030209646912175,11.806223,-7.776013268737239
00-0028118,Tyrod Taylor,2017,420,4.030209646912175,-14.875614879206069,-2.3020782,-12.573536632135756
00-0028118,Tyrod Taylor,2021,150,-14.875614879206069,2.116015696653961,-4.4292994,6.545315051207184
00-0028986,Case Keenum,2015,125,10.389424872394883,-35.95203738696044,-20.162153,-15.789884142941887
00-0028986,Case Keenum,2016,322,-35.95203738696044,57.22962707811837,35.167397,22.062230532708213
00-0028986,Case Keenum,2017,481,57.22962707811837,-16.750758365198063,-2.9011495,-13.849608853860783
00-0028986,Case Keenum,2018,586,-16.750758365198063,-3.211230029566176,-8.910949,5.699718723790758
00-0029263,Russell Wilson,2013,407,73.30102054195349,42.165206570775766,49.573086,-7.407879214136344
00-0029263,Russell Wilson,2014,452,42.165206570775766,130.4903456489878,108.40938,22.08096759723
00-0029263,Russell Wilson,2015,483,130.4903456489878,49.92780877378747,57.442997,-7.515188204972297
00-0029263,Russell Wilson,2016,546,49.92780877378747,27.841122888504387,39.986607,-12.145483709396004
00-0029263,Russell Wilson,2017,553,27.841122888504387,63.47602963982203,47.294773,16.18125653801539
00-0029263,Russell Wilson,2018,427,63.47602963982203,87.7924086832474,76.3883,11.404110648579433
00-0029263,Russell Wilson,2019,516,87.7924086832474,78.27155225282836,56.28491,21.986643958150623
00-0029263,Russell Wilson,2020,558,78.27155225282836,16.506031373268872,27.574322,-11.0682903735573
00-0029263,Russell Wilson,2021,400,16.506031373268872,-55.99700972790031,-38.858593,-17.138416740839766
00-0029263,Russell Wilson,2022,483,-55.99700972790031,-16.336197524169002,-8.520843,-7.815354971983943
00-0029567,Nick Foles,2013,317,104.93084527910024,10.81058114134184,20.159527,-9.348945683609331
00-0029567,Nick Foles,2014,311,10.81058114134184,-89.16748965587412,-58.94215,-30.225339539907324
00-0029567,Nick Foles,2015,337,-89.16748965587412,-16.765180207660602,-11.827604,-4.93757591383736
00-0029567,Nick Foles,2017,101,-16.765180207660602,17.170552850342474,12.817929,4.352623582459174
00-0029567,Nick Foles,2018,195,17.170552850342474,-13.581143393876676,-11.287775,-2.2933683542038246
00-0029567,Nick Foles,2019,117,-13.581143393876676,-33.65516300228922,-23.661592,-9.993570518768713
00-0029604,Kirk Cousins,2013,155,-31.646294512820972,14.255489417378458,-11.503492,25.758981772725136
00-0029604,Kirk Cousins,2014,204,14.255489417378458,97.09486031646736,66.690315,30.40454506988533
00-0029604,Kirk Cousins,2015,543,97.09486031646736,115.1428493579364,92.03805,23.104801567409055
00-0029604,Kirk Cousins,2016,606,115.1428493579364,16.449299637370878,31.41786,-14.968560393757052
00-0029604,Kirk Cousins,2017,540,16.449299637370878,-12.061679241282334,21.707767,-33.7694467278546
00-0029604,Kirk Cousins,2018,606,-12.061679241282334,87.03896045200226,83.26213,3.77682971469757
00-0029604,Kirk Cousins,2019,444,87.03896045200226,91.6894228925342,81.11989,10.569534586870134
00-0029604,Kirk Cousins,2020,516,91.6894228925342,71.63356777481539,60.905552,10.728015864415
00-0029604,Kirk Cousins,2021,561,71.63356777481539,18.464406551715793,34.32128,-15.856874881389675
00-0029604,Kirk Cousins,2022,643,18.464406551715793,37.10304547110406,41.148052,-4.045006744472111
00-0029665,Robert Griffin III,2013,456,7.590368202140009,-30.846570335832105,-3.2074094,-27.63916095396565
00-0029665,Robert Griffin III,2014,214,-30.846570335832105,-22.773194649556345,-11.805016,-10.968179085591501
00-0029668,Andrew Luck,2013,570,17.88938710807227,86.45873915177273,73.53384,12.924902787026639
00-0029668,Andrew Luck,2014,616,86.45873915177273,-8.346066842586035,4.222323,-12.568389783412451
00-0029668,Andrew Luck,2015,293,-8.346066842586035,59.822693227136696,48.47812,11.344574330652321
00-0029668,Andrew Luck,2016,545,59.822693227136696,111.17987004126816,86.921616,24.258254440682222
00-0029677,Brandon Weeden,2013,267,-42.42349210335089,12.163190936209288,-2.8111084,14.974299286963072
00-0029682,Brock Osweiler,2015,275,5.108074138501752,-46.4236264898238,-36.225758,-10.19786889094685
00-0029682,Brock Osweiler,2016,510,-46.4236264898238,-22.64894395815006,-10.411363,-12.237581310139806
00-0029682,Brock Osweiler,2017,172,-22.64894395815006,-9.53488458168916,-12.174591,2.6397064827639642
00-0029701,Ryan Tannehill,2013,588,0.1272344321105372,28.421043876443395,18.009645,10.411398414407262
00-0029701,Ryan Tannehill,2014,590,28.421043876443395,-2.826350727141703,22.717821,-25.54417184835752
00-0029701,Ryan Tannehill,2015,586,-2.826350727141703,10.956842309675356,22.118893,-11.162050360002379
00-0029701,Ryan Tannehill,2016,389,10.956842309675356,-53.82381453888741,-28.731222,-25.09259238617745
00-0029701,Ryan Tannehill,2018,274,-53.82381453888741,63.98302852824133,51.62723,12.355796930340937
00-0029701,Ryan Tannehill,2019,286,63.98302852824133,126.1304257534784,95.71917,30.411256136779187
00-0029701,Ryan Tannehill,2020,481,126.1304257534784,24.610613446694344,33.42387,-8.813256639975577
00-0029701,Ryan Tannehill,2021,531,24.610613446694344,19.717154413364575,31.593983,-11.876828283168628
00-0029701,Ryan Tannehill,2022,325,19.717154413364575,-22.866367662793895,-9.104797,-13.761570299512645
00-0030520,Mike Glennon,2014,203,-0.5373756624106938,-26.447758661278172,-20.409122,-6.0386361942371565
00-0030520,Mike Glennon,2017,140,-26.447758661278172,-17.798893215352646,-11.570323,-6.228570224935165
00-0030520,Mike Glennon,2020,179,-17.798893215352646,-80.84096342919406,-59.015682,-21.825281208735078
00-0030565,Geno Smith,2014,367,-11.463412149637936,28.773135374029337,-1.350022,30.123157332380472
00-0030565,Geno Smith,2022,572,28.773135374029337,32.440536514174156,34.255814,-1.815277084458657
00-0031237,Teddy Bridgewater,2015,447,0.6415736348955239,23.95584370264404,14.609736,9.34610726007812
00-0031237,Teddy Bridgewater,2019,196,23.95584370264404,33.511927450437895,27.115314,6.396612966795317
00-0031237,Teddy Bridgewater,2020,492,33.511927450437895,57.95557155321987,54.302208,3.6533636064425252
00-0031280,Derek Carr,2015,573,-3.592084312224249,75.37664586596384,55.540394,19.836252036618134
00-0031280,Derek Carr,2016,560,75.37664586596384,24.070431365866977,27.600128,-3.529696807961148
00-0031280,Derek Carr,2017,515,24.070431365866977,-1.20584695851284,17.610659,-18.816505604142723
00-0031280,Derek Carr,2018,553,-1.20584695851284,99.12289919996202,81.75012,17.37277712964952
00-0031280,Derek Carr,2019,513,99.12289919996202,60.1711940404073,44.488,15.683195078004957
00-0031280,Derek Carr,2020,517,60.1711940404073,40.301518820790776,55.26519,-14.963671303720943
00-0031280,Derek Carr,2021,626,40.301518820790776,29.295583846643776,19.754904,9.540680053308815
00-0031280,Derek Carr,2022,502,29.295583846643776,25.91905731362155,14.106342,11.812714997947722
00-0031345,Jimmy Garoppolo,2017,178,57.636927960317365,82.22163802091497,68.91469,13.306949910563404
00-0031345,Jimmy Garoppolo,2019,476,82.22163802091497,24.87557400059915,36.399544,-11.52396976160788
00-0031345,Jimmy Garoppolo,2020,140,24.87557400059915,93.07486054271166,83.285706,9.789154976305412
00-0031345,Jimmy Garoppolo,2021,441,93.07486054271166,75.50642052189109,68.27212,7.234302907144993
00-0031345,Jimmy Garoppolo,2022,308,75.50642052189109,-19.161635413862108,3.479825,-22.641460433698533
00-0031407,Blake Bortles,2015,606,5.362445124324658,-49.71472305725297,-48.63726,-1.0774626202412492
00-0031407,Blake Bortles,2016,625,-49.71472305725297,29.656084220592803,29.72161,-0.06552489500778336
00-0031407,Blake Bortles,2017,523,29.656084220592803,-22.41252092939936,-12.252595,-10.159925981584419
00-0031503,Jameis Winston,2016,567,51.98933218331278,49.65759950908298,45.538517,4.119082510791962
00-0031503,Jameis Winston,2017,442,49.65759950908298,46.536390217023694,38.962345,7.574045093732678
00-0031503,Jameis Winston,2018,378,46.536390217023694,42.88715085152589,45.95195,-3.0647992217162994
00-0031503,Jameis Winston,2019,626,42.88715085152589,21.81038703891622,28.979162,-7.168775177270302
00-0031503,Jameis Winston,2021,161,21.81038703891622,-7.012922977354351,-8.430633,1.4177096138932077
00-0031800,Taylor Heinicke,2021,494,-26.516315579167383,-12.710993751717222,-1.871338,-10.839655741882932
00-0031800,Taylor Heinicke,2022,259,-12.710993751717222,-1.6432791084098852,-5.198987,3.555707898731228
00-0032156,Trevor Siemian,2017,349,-47.78009110508389,-6.704305688234496,2.1785505,-8.88285617003076
00-0032156,Trevor Siemian,2021,188,-6.704305688234496,-54.59470523672368,-37.823124,-16.77158130483891
00-0032268,Marcus Mariota,2016,451,60.92957820146813,-7.626242456111015,9.122156,-16.74839859929949
00-0032268,Marcus Mariota,2017,453,-7.626242456111015,9.161828941137632,4.2263966,4.935432380468686
00-0032268,Marcus Mariota,2018,331,9.161828941137632,-7.3214071939656655,2.6084385,-9.929845685786955
00-0032268,Marcus Mariota,2019,160,-7.3214071939656655,6.053635507238567,2.8740437,3.179591804159343
00-0032950,Carson Wentz,2017,440,94.79939113529836,36.21209486905656,38.226196,-2.014101420005943
00-0032950,Carson Wentz,2018,401,36.21209486905656,42.42268962561957,27.90419,14.518499562143006
00-0032950,Carson Wentz,2019,607,42.42268962561957,-86.9983338663418,-54.908592,-32.0897416422207
00-0032950,Carson Wentz,2020,437,-86.9983338663418,12.846730000047256,5.1224465,7.724283463029433
00-0032950,Carson Wentz,2021,516,12.846730000047256,-37.29265213974798,-29.624432,-7.668220529640557
00-0033077,Dak Prescott,2017,490,-29.27230156560684,24.431834138462087,31.065939,-6.634104811122874
00-0033077,Dak Prescott,2018,526,24.431834138462087,124.53103917602378,75.69891,48.83212560180503
00-0033077,Dak Prescott,2019,596,124.53103917602378,32.01779560961002,50.97244,-18.95464320264584
00-0033077,Dak Prescott,2020,222,32.01779560961002,109.06846017476651,111.1979,-2.1294386899795796
00-0033077,Dak Prescott,2021,596,109.06846017476651,42.084686123317965,44.000256,-1.9155694613988317
00-0033077,Dak Prescott,2022,394,42.084686123317965,118.68906478811256,120.48925,-1.8001853949929085
00-0033106,Jared Goff,2017,477,95.74236690560048,115.75023145140024,91.70182,24.048411077865083
00-0033106,Jared Goff,2018,561,115.75023145140024,62.79175054062679,74.123405,-11.331654915916175
00-0033106,Jared Goff,2019,626,62.79175054062679,24.835128745911945,15.326801,9.508327445863117
00-0033106,Jared Goff,2020,552,24.835128745911945,-28.79608354435334,-18.494131,-10.301952456096505
00-0033106,Jared Goff,2021,494,-28.79608354435334,100.96467571744924,77.94237,23.022308163738302
00-0033106,Jared Goff,2022,587,100.96467571744924,81.67725091908035,62.670753,19.006497440076444
00-0033119,Jacoby Brissett,2017,469,-44.025195397621,10.94469868309653,11.169461,-0.2247625672086464
00-0033119,Jacoby Brissett,2019,447,10.94469868309653,-23.911021311611588,-24.707304,0.7962826892429042
00-0033119,Jacoby Brissett,2021,225,-23.911021311611588,19.692632323502796,7.3379164,12.354715949296253
00-0033275,PJ Walker,2022,106,-19.931912035956493,-34.964733364887934,-31.073729,-3.8910048034865667
00-0033319,Nick Mullens,2020,326,3.0183690128984786,12.29686876892386,17.216446,-4.919577153927703
00-0033357,Taysom Hill,2020,121,3.3019261373991178,-11.434644389408971,-11.028765,-0.405879664677526
00-0033537,Deshaun Watson,2018,505,61.10264543369625,75.08170788753887,75.02345,0.05825512874980632
00-0033537,Deshaun Watson,2019,495,75.08170788753887,133.4439556447115,114.36812,19.075837358578696
00-0033537,Deshaun Watson,2020,544,133.4439556447115,-23.89065204428563,-4.7076774,-19.182974679936265
00-0033537,Deshaun Watson,2022,170,-23.89065204428563,-18.950161800698037,-20.04948,1.0993186375343846
00-0033869,Mitchell Trubisky,2018,434,49.83780859030131,-36.07620487806042,-11.101461,-24.974743467537962
00-0033869,Mitchell Trubisky,2019,516,-36.07620487806042,27.61277748692674,16.692127,10.920650259143535
00-0033869,Mitchell Trubisky,2020,297,27.61277748692674,7.730268376912257,4.402981,3.3272875724688973
00-0033869,Mitchell Trubisky,2022,180,7.730268376912257,-19.649531939842504,-16.658867,-2.990665057518285
00-0033873,Patrick Mahomes,2018,580,222.7084038595028,137.69404057134255,135.37123,2.3228094922409923
00-0033873,Patrick Mahomes,2019,484,137.69404057134255,182.87040399905007,162.40407,20.466336005886006
00-0033873,Patrick Mahomes,2020,588,182.87040399905007,139.73444912621196,132.73996,6.994489409415081
00-0033873,Patrick Mahomes,2021,658,139.73444912621196,191.97220477679903,168.27174,23.70046100238497
00-0033873,Patrick Mahomes,2022,648,191.97220477679903,50.961515690338,72.9992,-22.037683223236222
00-0033936,C.J. Beathard,2018,169,-24.281466675058148,10.16519843427736,8.412261,1.7529374250610505
00-0034796,Lamar Jackson,2019,401,144.94965229671612,56.29545503721202,56.18955,0.10590654478038175
00-0034796,Lamar Jackson,2020,376,56.29545503721202,19.171700874048643,25.388874,-6.217173179906435
00-0034796,Lamar Jackson,2021,382,19.171700874048643,9.427335525684676,15.630873,-6.203537200755754
00-0034796,Lamar Jackson,2022,326,9.427335525684676,58.018588350006326,38.394558,19.624030397125466
00-0034855,Baker Mayfield,2019,535,-4.968611077899089,87.74814140734111,63.80213,23.946009754509078
00-0034855,Baker Mayfield,2020,486,87.74814140734111,-6.556413046271427,10.039307,-16.595719686896427
00-0034855,Baker Mayfield,2021,418,-6.556413046271427,-50.34169718310751,-31.774487,-18.567210641359466
00-0034855,Baker Mayfield,2022,335,-50.34169718310751,50.66617850090984,34.661297,16.004881656427415
00-0034857,Josh Allen,2019,461,-14.157731519956316,169.85448324955723,110.9488,58.90568411625645
00-0034857,Josh Allen,2020,572,169.85448324955723,80.83385779358214,84.86744,-4.033581476437391
00-0034857,Josh Allen,2021,646,80.83385779358214,100.66942584986512,112.747604,-12.078178520252067
00-0034857,Josh Allen,2022,567,100.66942584986512,90.5337982197074,103.81744,-13.283637998554312
00-0034869,Sam Darnold,2019,441,-17.474234289881963,-76.96315407624826,-38.171486,-38.79166817536935
00-0034869,Sam Darnold,2020,364,-76.96315407624826,-77.7665797189775,-67.09311,-10.673470588118121
00-0034869,Sam Darnold,2021,406,-77.7665797189775,21.072685399863992,13.237556,7.835128942344461
00-0035228,Kyler Murray,2020,558,33.80379353103301,66.33455304935744,60.279087,6.055465982707048
00-0035228,Kyler Murray,2021,481,66.33455304935744,-18.246843285701484,8.174187,-26.421029992244453
00-0035228,Kyler Murray,2022,390,-18.246843285701484,-12.87846907547618,-9.453079,-3.4253898518433683
00-0035289,Gardner Minshew,2020,327,18.56918203768233,-5.751706553653355,-1.4705129,-4.281193686679478
00-0035704,Drew Lock,2020,443,-33.71887464963784,-9.218843522528497,-7.7577453,-1.4610982565678032
00-0035710,Daniel Jones,2020,448,-23.480688355243792,-12.451881251377385,-6.273339,-6.178542456669133
00-0035710,Daniel Jones,2021,361,-12.451881251377385,19.949247770812455,9.639975,10.309273176696244
00-0035710,Daniel Jones,2022,472,19.949247770812455,-60.455004205716946,-35.871525,-24.58347939492593
00-0035993,Tyler Huntley,2021,188,-28.803212040843036,-7.170331097120181,-13.53413,6.363798999315366
00-0036212,Tua Tagovailoa,2021,388,20.8559681269266,97.36823342997457,77.257706,20.110527741498004
00-0036212,Tua Tagovailoa,2022,400,97.36823342997457,123.56834628780518,110.758064,12.810282017785653
00-0036355,Justin Herbert,2021,672,118.18470376370668,23.458502653806413,32.38057,-8.9220668042014
00-0036355,Justin Herbert,2022,699,23.458502653806413,26.86385552285643,39.184757,-12.320901709809586
00-0036389,Jalen Hurts,2021,432,15.78835973315087,72.2170870482575,58.67347,13.543617504800466
00-0036389,Jalen Hurts,2022,460,72.2170870482575,63.33172199597199,55.243324,8.088397716186833
00-0036442,Joe Burrow,2021,520,99.5450136223365,87.94603731591246,81.75125,6.194786095209338
00-0036442,Joe Burrow,2022,606,87.94603731591246,6.095037059046859,15.968729,-9.87369196011818
00-0036945,Justin Fields,2022,318,-65.7712491202688,-36.29647671384594,-32.013977,-4.282499663064691
00-0036971,Trevor Lawrence,2022,584,83.5256579103014,0.777313856267682,9.812012,-9.034697862482318
00-0036972,Mac Jones,2022,442,-28.40619021346796,-53.75460128159115,-34.63716,-19.117440026708337
00-0037013,Zach Wilson,2022,242,-36.21105495186014,-101.30015159158766,-87.140434,-14.159717326450945
